Period,Commodity,Province,Country,State,Value ($),Quantity,Unit of measure
2014-01-01,"1004.90.00 - Oats, other than seed for sowing (Terminated 2016-12)",Quebec,The world,N/A,25803953,79865603,Weight in kilograms
2015-01-01,"1004.90.00 - Oats, other than seed for sowing (Terminated 2016-12)",Quebec,The world,N/A,26395378,85309886,Weight in kilograms
2021-01-01,"1004.10.00 - Oats, seed for sowing",Ontario,The world,N/A,185930,333998,Weight in kilograms
2019-01-01,"1004.90.90 - Oat, o/t certified organic, o/t seed for sowing",Ontario,The world,N/A,7447443,24560421,Weight in kilograms
2015-01-01,"1004.90.00 - Oats, other than seed for sowing (Terminated 2016-12)",Ontario,The world,N/A,12458612,40266239,Weight in kilograms
2020-01-01,"1004.10.00 - Oats, seed for sowing",Manitoba,The world,N/A,2821179,4984758,Weight in kilograms
2017-01-01,"1004.90.10 - Oat, certified organic, o/t seed for sowing",Manitoba,The world,N/A,2160388,5489562,Weight in kilograms
2018-01-01,"1004.90.90 - Oat, o/t certified organic, o/t seed for sowing",Manitoba,The world,N/A,117033528,416049943,Weight in kilograms
2016-01-01,"1004.10.00 - Oats, seed for sowing",Saskatchewan,The world,N/A,4136662,9342509,Weight in kilograms
2020-01-01,"1004.10.00 - Oats, seed for sowing",Saskatchewan,The world,N/A,7542928,13327632,Weight in kilograms
2019-01-01,"1004.90.90 - Oat, o/t certified organic, o/t seed for sowing",Saskatchewan,The world,N/A,311953397,1028771275,Weight in kilograms
2015-01-01,"1004.90.00 - Oats, other than seed for sowing (Terminated 2016-12)",Saskatchewan,The world,N/A,326404945,1054941286,Weight in kilograms
2019-01-01,"1004.90.10 - Oat, certified organic, o/t seed for sowing",British Columbia,The world,N/A,269430,610866,Weight in kilograms
2014-01-01,"1004.10.00 - Oats, seed for sowing",Quebec,The world,N/A,214937,650011,Weight in kilograms
2019-01-01,"1004.10.00 - Oats, seed for sowing",Quebec,The world,N/A,471203,858443,Weight in kilograms
2018-01-01,"1004.90.90 - Oat, o/t certified organic, o/t seed for sowing",Quebec,The world,N/A,21955480,78050940,Weight in kilograms
2016-01-01,"1004.10.00 - Oats, seed for sowing",Ontario,The world,N/A,235374,531596,Weight in kilograms
2017-01-01,"1004.90.10 - Oat, certified organic, o/t seed for sowing",Ontario,The world,N/A,178890,454547,Weight in kilograms
2020-01-01,"1004.90.90 - Oat, o/t certified organic, o/t seed for sowing",Ontario,The world,N/A,9840044,32451008,Weight in kilograms
2013-01-01,"1004.10.00 - Oats, seed for sowing",Manitoba,The world,N/A,1165330,3394973,Weight in kilograms
2014-01-01,"1004.10.00 - Oats, seed for sowing",Manitoba,The world,N/A,890614,2693492,Weight in kilograms
2020-01-01,"1004.90.10 - Oat, certified organic, o/t seed for sowing",Manitoba,The world,N/A,3135912,7172082,Weight in kilograms
2020-01-01,"1004.90.90 - Oat, o/t certified organic, o/t seed for sowing",Manitoba,The world,N/A,130484799,430319761,Weight in kilograms
2015-01-01,"1004.10.00 - Oats, seed for sowing",Saskatchewan,The world,N/A,5021909,12231680,Weight in kilograms
2017-01-01,"1004.10.00 - Oats, seed for sowing",Saskatchewan,The world,N/A,4916096,10804298,Weight in kilograms
2021-01-01,"1004.10.00 - Oats, seed for sowing",Saskatchewan,The world,N/A,6591938,11841955,Weight in kilograms
2017-01-01,"1004.90.10 - Oat, certified organic, o/t seed for sowing",Saskatchewan,The world,N/A,6125358,15564582,Weight in kilograms
2020-01-01,"1004.90.10 - Oat, certified organic, o/t seed for sowing",Saskatchewan,The world,N/A,8384399,19175805,Weight in kilograms
2011-01-01,"1004.00.90 - Oats, except seed (Terminated 2011-12)",Saskatchewan,The world,N/A,228849138,895383592,Weight in kilograms
2021-01-01,"1004.90.90 - Oat, o/t certified organic, o/t seed for sowing",Alberta,The world,N/A,42045245,133965762,Weight in kilograms
2012-01-01,"1004.10.00 - Oats, seed for sowing",British Columbia,The world,N/A,71102,233494,Weight in kilograms
2018-01-01,"1004.90.10 - Oat, certified organic, o/t seed for sowing",British Columbia,The world,N/A,257357,613806,Weight in kilograms
2017-01-01,"1004.90.90 - Oat, o/t certified organic, o/t seed for sowing",Quebec,The world,N/A,22165060,80922911,Weight in kilograms
2021-01-01,"1004.90.90 - Oat, o/t certified organic, o/t seed for sowing",Quebec,The world,N/A,17832872,56819556,Weight in kilograms
2014-01-01,"1004.10.00 - Oats, seed for sowing",Ontario,The world,N/A,119555,361574,Weight in kilograms
2019-01-01,"1004.90.10 - Oat, certified organic, o/t seed for sowing",Ontario,The world,N/A,194206,440320,Weight in kilograms
2014-01-01,"1004.90.00 - Oats, other than seed for sowing (Terminated 2016-12)",Ontario,The world,N/A,14353465,44425240,Weight in kilograms
2015-01-01,"1004.10.00 - Oats, seed for sowing",Ontario,The world,N/A,191683,466874,Weight in kilograms
2018-01-01,"1004.10.00 - Oats, seed for sowing",Manitoba,The world,N/A,2108805,4209522,Weight in kilograms
2021-01-01,"1004.90.10 - Oat, certified organic, o/t seed for sowing",Manitoba,The world,N/A,2156438,5427929,Weight in kilograms
2021-01-01,"1004.90.90 - Oat, o/t certified organic, o/t seed for sowing",Manitoba,The world,N/A,81628217,260086136,Weight in kilograms
2012-01-01,"1004.90.00 - Oats, other than seed for sowing (Terminated 2016-12)",Manitoba,The world,N/A,72652937,280218128,Weight in kilograms
2013-01-01,"1004.10.00 - Oats, seed for sowing",Saskatchewan,The world,N/A,2560494,7459525,Weight in kilograms
2020-01-01,"1004.90.90 - Oat, o/t certified organic, o/t seed for sowing",Saskatchewan,The world,N/A,348873959,1150535052,Weight in kilograms
2015-01-01,"1004.10.00 - Oats, seed for sowing",Alberta,The world,N/A,659517,1606353,Weight in kilograms
2018-01-01,"1004.90.90 - Oat, o/t certified organic, o/t seed for sowing",Alberta,The world,N/A,34173784,121486536,Weight in kilograms
2019-01-01,"1004.90.90 - Oat, o/t certified organic, o/t seed for sowing",Alberta,The world,N/A,50034224,165004651,Weight in kilograms
2021-01-01,"1004.10.00 - Oats, seed for sowing",British Columbia,The world,N/A,216352,388658,Weight in kilograms
2021-01-01,"1004.90.90 - Oat, o/t certified organic, o/t seed for sowing",British Columbia,The world,N/A,7163002,22822929,Weight in kilograms
2015-01-01,"1004.90.00 - Oats, other than seed for sowing (Terminated 2016-12)",British Columbia,The world,N/A,10346972,33441449,Weight in kilograms
2016-01-01,"1004.10.00 - Oats, seed for sowing",Quebec,The world,N/A,358219,809024,Weight in kilograms
2018-01-01,"1004.10.00 - Oats, seed for sowing",Quebec,The world,N/A,395602,789695,Weight in kilograms
2021-01-01,"1004.10.00 - Oats, seed for sowing",Quebec,The world,N/A,538624,967601,Weight in kilograms
2017-01-01,"1004.90.10 - Oat, certified organic, o/t seed for sowing",Quebec,The world,N/A,528788,1343668,Weight in kilograms
2020-01-01,"1004.10.00 - Oats, seed for sowing",Ontario,The world,N/A,212746,375911,Weight in kilograms
2020-01-01,"1004.90.10 - Oat, certified organic, o/t seed for sowing",Ontario,The world,N/A,236487,540859,Weight in kilograms
2021-01-01,"1004.90.10 - Oat, certified organic, o/t seed for sowing",Ontario,The world,N/A,162622,409322,Weight in kilograms
2021-01-01,"1004.90.90 - Oat, o/t certified organic, o/t seed for sowing",Ontario,The world,N/A,6155698,19613454,Weight in kilograms
2016-01-01,"1004.90.00 - Oats, other than seed for sowing (Terminated 2016-12)",Ontario,The world,N/A,16098700,57431888,Weight in kilograms
2016-01-01,"1004.10.00 - Oats, seed for sowing",Manitoba,The world,N/A,1474044,3329080,Weight in kilograms
2019-01-01,"1004.10.00 - Oats, seed for sowing",Manitoba,The world,N/A,2361142,4301616,Weight in kilograms
2021-01-01,"1004.10.00 - Oats, seed for sowing",Manitoba,The world,N/A,2465500,4429094,Weight in kilograms
2011-01-01,"1004.00.10 - Oats, seed (Terminated 2011-12)",Manitoba,The world,N/A,1516902,4245450,Weight in kilograms
2021-01-01,"1004.90.10 - Oat, certified organic, o/t seed for sowing",Saskatchewan,The world,N/A,5765618,14512510,Weight in kilograms
2013-01-01,"1004.90.00 - Oats, other than seed for sowing (Terminated 2016-12)",Saskatchewan,The world,N/A,240500006,819540518,Weight in kilograms
2016-01-01,"1004.90.00 - Oats, other than seed for sowing (Terminated 2016-12)",Saskatchewan,The world,N/A,282923877,1009327523,Weight in kilograms
2014-01-01,"1004.10.00 - Oats, seed for sowing",Alberta,The world,N/A,341642,1033250,Weight in kilograms
2021-01-01,"1004.10.00 - Oats, seed for sowing",Alberta,The world,N/A,1269938,2281348,Weight in kilograms
2020-01-01,"1004.90.10 - Oat, certified organic, o/t seed for sowing",Alberta,The world,N/A,1615256,3694209,Weight in kilograms
2021-01-01,"1004.90.10 - Oat, certified organic, o/t seed for sowing",Alberta,The world,N/A,1110741,2795831,Weight in kilograms
2017-01-01,"1004.90.90 - Oat, o/t certified organic, o/t seed for sowing",Alberta,The world,N/A,27603345,100777575,Weight in kilograms
2020-01-01,"1004.90.90 - Oat, o/t certified organic, o/t seed for sowing",Alberta,The world,N/A,67210420,221650084,Weight in kilograms
2014-01-01,"1004.90.00 - Oats, other than seed for sowing (Terminated 2016-12)",Alberta,The world,N/A,41017564,126953027,Weight in kilograms
2016-01-01,"1004.90.00 - Oats, other than seed for sowing (Terminated 2016-12)",Alberta,The world,N/A,36843937,131440319,Weight in kilograms
2016-01-01,"1004.10.00 - Oats, seed for sowing",British Columbia,The world,N/A,119406,269674,Weight in kilograms
2017-01-01,"1004.90.90 - Oat, o/t certified organic, o/t seed for sowing",British Columbia,The world,N/A,7415835,27074573,Weight in kilograms
2016-01-01,"1004.90.00 - Oats, other than seed for sowing (Terminated 2016-12)",British Columbia,The world,N/A,8166694,29134518,Weight in kilograms
2011-01-01,"1004.00.10 - Oats, seed (Terminated 2011-12)",British Columbia,The world,N/A,59044,165248,Weight in kilograms
2018-01-01,"1004.90.10 - Oat, certified organic, o/t seed for sowing",Quebec,The world,N/A,722743,1723768,Weight in kilograms
2019-01-01,"1004.90.10 - Oat, certified organic, o/t seed for sowing",Quebec,The world,N/A,627757,1423291,Weight in kilograms
2020-01-01,"1004.90.10 - Oat, certified organic, o/t seed for sowing",Quebec,The world,N/A,685088,1566848,Weight in kilograms
2020-01-01,"1004.90.90 - Oat, o/t certified organic, o/t seed for sowing",Quebec,The world,N/A,28506293,94009535,Weight in kilograms
2017-01-01,"1004.10.00 - Oats, seed for sowing",Ontario,The world,N/A,143572,315532,Weight in kilograms
2015-01-01,"1004.10.00 - Oats, seed for sowing",Manitoba,The world,N/A,1683722,4100962,Weight in kilograms
2018-01-01,"1004.90.10 - Oat, certified organic, o/t seed for sowing",Manitoba,The world,N/A,3852590,9188576,Weight in kilograms
2019-01-01,"1004.90.10 - Oat, certified organic, o/t seed for sowing",Manitoba,The world,N/A,3145612,7131995,Weight in kilograms
2019-01-01,"1004.90.90 - Oat, o/t certified organic, o/t seed for sowing",Manitoba,The world,N/A,120627580,397810026,Weight in kilograms
2015-01-01,"1004.90.00 - Oats, other than seed for sowing (Terminated 2016-12)",Manitoba,The world,N/A,109435163,353694526,Weight in kilograms
2017-01-01,"1004.10.00 - Oats, seed for sowing",Alberta,The world,N/A,528530,1161567,Weight in kilograms
2018-01-01,"1004.10.00 - Oats, seed for sowing",Alberta,The world,N/A,615762,1229180,Weight in kilograms
2019-01-01,"1004.90.10 - Oat, certified organic, o/t seed for sowing",Alberta,The world,N/A,1304750,2958223,Weight in kilograms
2012-01-01,"1004.90.00 - Oats, other than seed for sowing (Terminated 2016-12)",Alberta,The world,N/A,108937060,420163898,Weight in kilograms
2013-01-01,"1004.10.00 - Oats, seed for sowing",British Columbia,The world,N/A,69344,202018,Weight in kilograms
2014-01-01,"1004.10.00 - Oats, seed for sowing",British Columbia,The world,N/A,88654,268138,Weight in kilograms
2018-01-01,"1004.10.00 - Oats, seed for sowing",British Columbia,The world,N/A,140863,281191,Weight in kilograms
2019-01-01,"1004.10.00 - Oats, seed for sowing",British Columbia,The world,N/A,202240,368436,Weight in kilograms
2021-01-01,"1004.90.10 - Oat, certified organic, o/t seed for sowing",British Columbia,The world,N/A,189235,476309,Weight in kilograms
2013-01-01,"1004.90.00 - Oats, other than seed for sowing (Terminated 2016-12)",British Columbia,The world,N/A,6513290,22195021,Weight in kilograms
2011-01-01,"1004.00.90 - Oats, except seed (Terminated 2011-12)",British Columbia,The world,N/A,5296669,20723410,Weight in kilograms
2020-01-01,"1004.10.00 - Oats, seed for sowing",Quebec,The world,N/A,616337,1088993,Weight in kilograms
2021-01-01,"1004.90.10 - Oat, certified organic, o/t seed for sowing",Quebec,The world,N/A,471104,1185807,Weight in kilograms
2019-01-01,"1004.90.90 - Oat, o/t certified organic, o/t seed for sowing",Quebec,The world,N/A,24073067,79389045,Weight in kilograms
2016-01-01,"1004.90.00 - Oats, other than seed for sowing (Terminated 2016-12)",Quebec,The world,N/A,24500044,87403596,Weight in kilograms
2019-01-01,"1004.10.00 - Oats, seed for sowing",Ontario,The world,N/A,145770,265585,Weight in kilograms
2018-01-01,"1004.90.10 - Oat, certified organic, o/t seed for sowing",Ontario,The world,N/A,183378,437376,Weight in kilograms
2018-01-01,"1004.90.90 - Oat, o/t certified organic, o/t seed for sowing",Ontario,The world,N/A,5570782,19803991,Weight in kilograms
2013-01-01,"1004.90.00 - Oats, other than seed for sowing (Terminated 2016-12)",Manitoba,The world,N/A,109455971,372987956,Weight in kilograms
2018-01-01,"1004.10.00 - Oats, seed for sowing",Saskatchewan,The world,N/A,5073734,10128043,Weight in kilograms
2019-01-01,"1004.10.00 - Oats, seed for sowing",Saskatchewan,The world,N/A,6106109,11124362,Weight in kilograms
2012-01-01,"1004.90.00 - Oats, other than seed for sowing (Terminated 2016-12)",Saskatchewan,The world,N/A,232438578,896502040,Weight in kilograms
2013-01-01,"1004.90.00 - Oats, other than seed for sowing (Terminated 2016-12)",Alberta,The world,N/A,53171363,181189511,Weight in kilograms
2015-01-01,"1004.90.00 - Oats, other than seed for sowing (Terminated 2016-12)",Alberta,The world,N/A,42866063,138543175,Weight in kilograms
2011-01-01,"1004.00.10 - Oats, seed (Terminated 2011-12)",Alberta,The world,N/A,559059,1564669,Weight in kilograms
2015-01-01,"1004.10.00 - Oats, seed for sowing",British Columbia,The world,N/A,159195,387741,Weight in kilograms
2020-01-01,"1004.90.10 - Oat, certified organic, o/t seed for sowing",British Columbia,The world,N/A,275188,629365,Weight in kilograms
2018-01-01,"1004.90.90 - Oat, o/t certified organic, o/t seed for sowing",British Columbia,The world,N/A,7817831,27792131,Weight in kilograms
2019-01-01,"1004.90.90 - Oat, o/t certified organic, o/t seed for sowing",British Columbia,The world,N/A,10332024,34073287,Weight in kilograms
2020-01-01,"1004.90.90 - Oat, o/t certified organic, o/t seed for sowing",British Columbia,The world,N/A,11450232,37761163,Weight in kilograms
2014-01-01,"1004.90.00 - Oats, other than seed for sowing (Terminated 2016-12)",British Columbia,The world,N/A,10644133,32944562,Weight in kilograms
2017-01-01,"1004.90.90 - Oat, o/t certified organic, o/t seed for sowing",Manitoba,The world,N/A,90555432,330610668,Weight in kilograms
2011-01-01,"1004.00.90 - Oats, except seed (Terminated 2011-12)",Manitoba,The world,N/A,136073586,532394702,Weight in kilograms
2012-01-01,"1004.10.00 - Oats, seed for sowing",Saskatchewan,The world,N/A,1766410,5800507,Weight in kilograms
2018-01-01,"1004.90.10 - Oat, certified organic, o/t seed for sowing",Saskatchewan,The world,N/A,9269283,22107644,Weight in kilograms
2011-01-01,"1004.00.10 - Oats, seed (Terminated 2011-12)",Saskatchewan,The world,N/A,2551136,7140026,Weight in kilograms
2013-01-01,"1004.10.00 - Oats, seed for sowing",Alberta,The world,N/A,566090,1649208,Weight in kilograms
2011-01-01,"1004.00.90 - Oats, except seed (Terminated 2011-12)",Alberta,The world,N/A,50150084,196214679,Weight in kilograms
2017-01-01,"1004.90.10 - Oat, certified organic, o/t seed for sowing",British Columbia,The world,N/A,176919,449558,Weight in kilograms
2015-01-01,"1004.10.00 - Oats, seed for sowing",Quebec,The world,N/A,406106,989144,Weight in kilograms
2017-01-01,"1004.10.00 - Oats, seed for sowing",Quebec,The world,N/A,424404,932718,Weight in kilograms
2018-01-01,"1004.10.00 - Oats, seed for sowing",Ontario,The world,N/A,100384,200375,Weight in kilograms
2017-01-01,"1004.90.90 - Oat, o/t certified organic, o/t seed for sowing",Ontario,The world,N/A,7498220,27375387,Weight in kilograms
2012-01-01,"1004.10.00 - Oats, seed for sowing",Manitoba,The world,N/A,552127,1813053,Weight in kilograms
2017-01-01,"1004.10.00 - Oats, seed for sowing",Manitoba,The world,N/A,1733886,3810628,Weight in kilograms
2014-01-01,"1004.90.00 - Oats, other than seed for sowing (Terminated 2016-12)",Manitoba,The world,N/A,106925202,330943075,Weight in kilograms
2016-01-01,"1004.90.00 - Oats, other than seed for sowing (Terminated 2016-12)",Manitoba,The world,N/A,100816275,359660833,Weight in kilograms
2014-01-01,"1004.10.00 - Oats, seed for sowing",Saskatchewan,The world,N/A,2822283,8535479,Weight in kilograms
2019-01-01,"1004.90.10 - Oat, certified organic, o/t seed for sowing",Saskatchewan,The world,N/A,8134829,18443950,Weight in kilograms
2017-01-01,"1004.90.90 - Oat, o/t certified organic, o/t seed for sowing",Saskatchewan,The world,N/A,256752199,937382011,Weight in kilograms
2018-01-01,"1004.90.90 - Oat, o/t certified organic, o/t seed for sowing",Saskatchewan,The world,N/A,281582403,1001015907,Weight in kilograms
2021-01-01,"1004.90.90 - Oat, o/t certified organic, o/t seed for sowing",Saskatchewan,The world,N/A,218247336,695385723,Weight in kilograms
2014-01-01,"1004.90.00 - Oats, other than seed for sowing (Terminated 2016-12)",Saskatchewan,The world,N/A,338838345,1048735146,Weight in kilograms
2012-01-01,"1004.10.00 - Oats, seed for sowing",Alberta,The world,N/A,827864,2718522,Weight in kilograms
2016-01-01,"1004.10.00 - Oats, seed for sowing",Alberta,The world,N/A,538707,1216644,Weight in kilograms
2019-01-01,"1004.10.00 - Oats, seed for sowing",Alberta,The world,N/A,979364,1784234,Weight in kilograms
2020-01-01,"1004.10.00 - Oats, seed for sowing",Alberta,The world,N/A,1453145,2567564,Weight in kilograms
2017-01-01,"1004.90.10 - Oat, certified organic, o/t seed for sowing",Alberta,The world,N/A,658537,1673340,Weight in kilograms
2018-01-01,"1004.90.10 - Oat, certified organic, o/t seed for sowing",Alberta,The world,N/A,1124942,2683058,Weight in kilograms
2017-01-01,"1004.10.00 - Oats, seed for sowing",British Columbia,The world,N/A,141999,312060,Weight in kilograms
2020-01-01,"1004.10.00 - Oats, seed for sowing",British Columbia,The world,N/A,247562,437422,Weight in kilograms
2012-01-01,"1004.90.00 - Oats, other than seed for sowing (Terminated 2016-12)",British Columbia,The world,N/A,9356831,36088688,Weight in kilograms
1988-01-01,"1004.00.20 - Oats, mixed feed oats (Terminated 2009-12)",Quebec,The world,N/A,216148,1623362,Weight in kilograms
1990-01-01,"1004.00.10 - Oats, seed (Terminated 2011-12)",Quebec,The world,N/A,22729,172095,Weight in kilograms
1995-01-01,"1004.00.10 - Oats, seed (Terminated 2011-12)",Quebec,The world,N/A,64949,248752,Weight in kilograms
1996-01-01,"1004.00.10 - Oats, seed (Terminated 2011-12)",Quebec,The world,N/A,164778,479201,Weight in kilograms
1988-01-01,"1004.00.20 - Oats, mixed feed oats (Terminated 2009-12)",Ontario,The world,N/A,372535,2418581,Weight in kilograms
1998-01-01,"1004.00.10 - Oats, seed (Terminated 2011-12)",Ontario,The world,N/A,507008,3508909,Weight in kilograms
1997-01-01,"1004.00.10 - Oats, seed (Terminated 2011-12)",Manitoba,The world,N/A,748190,3691985,Weight in kilograms
1998-01-01,"1004.00.10 - Oats, seed (Terminated 2011-12)",Manitoba,The world,N/A,491861,2398749,Weight in kilograms
1999-01-01,"1004.00.10 - Oats, seed (Terminated 2011-12)",Manitoba,The world,N/A,420373,2079801,Weight in kilograms
2000-01-01,"1004.00.10 - Oats, seed (Terminated 2011-12)",Manitoba,The world,N/A,1420507,10206688,Weight in kilograms
2005-01-01,"1004.00.10 - Oats, seed (Terminated 2011-12)",Manitoba,The world,N/A,246796,843430,Weight in kilograms
2009-01-01,"1004.00.10 - Oats, seed (Terminated 2011-12)",Manitoba,The world,N/A,588008,1718518,Weight in kilograms
1992-01-01,"1004.00.20 - Oats, mixed feed oats (Terminated 2009-12)",Manitoba,The world,N/A,1063477,8521669,Weight in kilograms
1997-01-01,"1004.00.20 - Oats, mixed feed oats (Terminated 2009-12)",Manitoba,The world,N/A,5778544,32747972,Weight in kilograms
1995-01-01,"1004.00.90 - Oats, nes (Terminated 2011-12)",Manitoba,The world,N/A,40612432,270095133,Weight in kilograms
1997-01-01,"1004.00.90 - Oats, nes (Terminated 2011-12)",Manitoba,The world,N/A,100557762,529214783,Weight in kilograms
1999-01-01,"1004.00.90 - Oats, nes (Terminated 2011-12)",Manitoba,The world,N/A,62106257,431507623,Weight in kilograms
1994-01-01,"1004.00.20 - Oats, mixed feed oats (Terminated 2009-12)",Saskatchewan,The world,N/A,9060047,60118040,Weight in kilograms
1998-01-01,"1004.00.20 - Oats, mixed feed oats (Terminated 2009-12)",Saskatchewan,The world,N/A,5814702,33181636,Weight in kilograms
2001-01-01,"1004.00.20 - Oats, mixed feed oats (Terminated 2009-12)",Saskatchewan,The world,N/A,5003197,23498557,Weight in kilograms
1992-01-01,"1004.00.90 - Oats, nes (Terminated 2011-12)",Saskatchewan,The world,N/A,16296657,123724954,Weight in kilograms
1996-01-01,"1004.00.90 - Oats, nes (Terminated 2011-12)",Saskatchewan,The world,N/A,113809333,560756311,Weight in kilograms
1998-01-01,"1004.00.90 - Oats, nes (Terminated 2011-12)",Saskatchewan,The world,N/A,92550656,571560750,Weight in kilograms
2002-01-01,"1004.00.90 - Oats, nes (Terminated 2011-12)",Saskatchewan,The world,N/A,95060604,396873997,Weight in kilograms
2003-01-01,"1004.00.90 - Oats, nes (Terminated 2011-12)",Saskatchewan,The world,N/A,63986757,335238750,Weight in kilograms
2007-01-01,"1004.00.90 - Oats, nes (Terminated 2011-12)",Saskatchewan,The world,N/A,214419225,1014779384,Weight in kilograms
2008-01-01,"1004.00.90 - Oats, nes (Terminated 2011-12)",Saskatchewan,The world,N/A,324750067,1219767614,Weight in kilograms
2009-01-01,"1004.00.90 - Oats, nes (Terminated 2011-12)",Saskatchewan,The world,N/A,228647328,1008424117,Weight in kilograms
1993-01-01,"1004.00.10 - Oats, seed (Terminated 2011-12)",Alberta,The world,N/A,248026,760584,Weight in kilograms
1995-01-01,"1004.00.10 - Oats, seed (Terminated 2011-12)",Alberta,The world,N/A,174194,417120,Weight in kilograms
1999-01-01,"1004.00.10 - Oats, seed (Terminated 2011-12)",Alberta,The world,N/A,102474,195153,Weight in kilograms
1997-01-01,"1004.00.20 - Oats, mixed feed oats (Terminated 2009-12)",Alberta,The world,N/A,1694505,9603001,Weight in kilograms
2009-01-01,"1004.00.20 - Oats, mixed feed oats (Terminated 2009-12)",Alberta,The world,N/A,69561,331801,Weight in kilograms
1991-01-01,"1004.00.90 - Oats, nes (Terminated 2011-12)",Alberta,The world,N/A,17285815,155257899,Weight in kilograms
1994-01-01,"1004.00.90 - Oats, nes (Terminated 2011-12)",Alberta,The world,N/A,42392250,355937094,Weight in kilograms
1997-01-01,"1004.00.90 - Oats, nes (Terminated 2011-12)",Alberta,The world,N/A,29487486,155186646,Weight in kilograms
2005-01-01,"1004.00.10 - Oats, seed (Terminated 2011-12)",British Columbia,The world,N/A,5279,18044,Weight in kilograms
2006-01-01,"1004.00.10 - Oats, seed (Terminated 2011-12)",British Columbia,The world,N/A,26838,113626,Weight in kilograms
2010-01-01,"1004.00.10 - Oats, seed (Terminated 2011-12)",British Columbia,The world,N/A,22989,92817,Weight in kilograms
1997-01-01,"1004.00.20 - Oats, mixed feed oats (Terminated 2009-12)",British Columbia,The world,N/A,128596,728770,Weight in kilograms
2005-01-01,"1004.00.20 - Oats, mixed feed oats (Terminated 2009-12)",British Columbia,The world,N/A,130806,664744,Weight in kilograms
2000-01-01,"1004.00.90 - Oats, nes (Terminated 2011-12)",British Columbia,The world,N/A,2767993,19808841,Weight in kilograms
1993-01-01,"1004.00.10 - Oats, seed (Terminated 2011-12)",New Brunswick,The world,N/A,92652,283233,Weight in kilograms
1993-01-01,"1004.00.10 - Oats, seed (Terminated 2011-12)",Ontario,The world,N/A,12944,50725,Weight in kilograms
1997-01-01,"1004.00.10 - Oats, seed (Terminated 2011-12)",Ontario,The world,N/A,14401,45517,Weight in kilograms
1994-01-01,"1004.00.10 - Oats, seed (Terminated 2011-12)",Manitoba,The world,N/A,491193,3058371,Weight in kilograms
2003-01-01,"1004.00.10 - Oats, seed (Terminated 2011-12)",Manitoba,The world,N/A,915667,2785359,Weight in kilograms
2007-01-01,"1004.00.10 - Oats, seed (Terminated 2011-12)",Manitoba,The world,N/A,659300,2206299,Weight in kilograms
2008-01-01,"1004.00.10 - Oats, seed (Terminated 2011-12)",Manitoba,The world,N/A,1285687,4009150,Weight in kilograms
1998-01-01,"1004.00.20 - Oats, mixed feed oats (Terminated 2009-12)",Manitoba,The world,N/A,3757356,21441394,Weight in kilograms
2003-01-01,"1004.00.20 - Oats, mixed feed oats (Terminated 2009-12)",Manitoba,The world,N/A,6806502,29904788,Weight in kilograms
2004-01-01,"1004.00.20 - Oats, mixed feed oats (Terminated 2009-12)",Manitoba,The world,N/A,6750443,33120276,Weight in kilograms
1989-01-01,"1004.00.90 - Oats, nes (Terminated 2011-12)",Manitoba,The world,N/A,9553025,62264470,Weight in kilograms
2001-01-01,"1004.00.90 - Oats, nes (Terminated 2011-12)",Manitoba,The world,N/A,87797571,523132505,Weight in kilograms
1999-01-01,"1004.00.10 - Oats, seed (Terminated 2011-12)",Saskatchewan,The world,N/A,551260,2719006,Weight in kilograms
1988-01-01,"1004.00.20 - Oats, mixed feed oats (Terminated 2009-12)",Saskatchewan,The world,N/A,118192,740786,Weight in kilograms
2006-01-01,"1004.00.20 - Oats, mixed feed oats (Terminated 2009-12)",Saskatchewan,The world,N/A,10870839,52631359,Weight in kilograms
1988-01-01,"1004.00.90 - Oats, nes (Terminated 2011-12)",Saskatchewan,The world,N/A,11888175,76824811,Weight in kilograms
1999-01-01,"1004.00.90 - Oats, nes (Terminated 2011-12)",Saskatchewan,The world,N/A,85820698,596273182,Weight in kilograms
2000-01-01,"1004.00.90 - Oats, nes (Terminated 2011-12)",Saskatchewan,The world,N/A,103948839,743900336,Weight in kilograms
1991-01-01,"1004.00.10 - Oats, seed (Terminated 2011-12)",Alberta,The world,N/A,227084,652986,Weight in kilograms
2005-01-01,"1004.00.10 - Oats, seed (Terminated 2011-12)",Alberta,The world,N/A,105409,360239,Weight in kilograms
2010-01-01,"1004.00.10 - Oats, seed (Terminated 2011-12)",Alberta,The world,N/A,148092,598149,Weight in kilograms
1992-01-01,"1004.00.20 - Oats, mixed feed oats (Terminated 2009-12)",Alberta,The world,N/A,4086010,32741462,Weight in kilograms
2000-01-01,"1004.00.20 - Oats, mixed feed oats (Terminated 2009-12)",Alberta,The world,N/A,612721,3467646,Weight in kilograms
1992-01-01,"1004.00.90 - Oats, nes (Terminated 2011-12)",Alberta,The world,N/A,32430518,246214039,Weight in kilograms
2004-01-01,"1004.00.90 - Oats, nes (Terminated 2011-12)",Alberta,The world,N/A,12433517,75400187,Weight in kilograms
2008-01-01,"1004.00.10 - Oats, seed (Terminated 2011-12)",British Columbia,The world,N/A,48326,150693,Weight in kilograms
1994-01-01,"1004.00.20 - Oats, mixed feed oats (Terminated 2009-12)",British Columbia,The world,N/A,932588,6188197,Weight in kilograms
1996-01-01,"1004.00.20 - Oats, mixed feed oats (Terminated 2009-12)",British Columbia,The world,N/A,746420,3813345,Weight in kilograms
1998-01-01,"1004.00.20 - Oats, mixed feed oats (Terminated 2009-12)",British Columbia,The world,N/A,115861,661182,Weight in kilograms
1989-01-01,"1004.00.90 - Oats, nes (Terminated 2011-12)",British Columbia,The world,N/A,4453211,29024946,Weight in kilograms
1995-01-01,"1004.00.90 - Oats, nes (Terminated 2011-12)",British Columbia,The world,N/A,4959075,32980584,Weight in kilograms
2001-01-01,"1004.00.90 - Oats, nes (Terminated 2011-12)",British Columbia,The world,N/A,1325766,7899447,Weight in kilograms
1989-01-01,"1004.00.10 - Oats, seed (Terminated 2011-12)",New Brunswick,The world,N/A,133504,396462,Weight in kilograms
1991-01-01,"1004.00.10 - Oats, seed (Terminated 2011-12)",New Brunswick,The world,N/A,68010,220802,Weight in kilograms
1995-01-01,"1004.00.10 - Oats, seed (Terminated 2011-12)",New Brunswick,The world,N/A,53463,139143,Weight in kilograms
1998-01-01,"1004.00.10 - Oats, seed (Terminated 2011-12)",New Brunswick,The world,N/A,56540,134077,Weight in kilograms
2004-01-01,"1004.00.10 - Oats, seed (Terminated 2011-12)",Manitoba,The world,N/A,872425,3659380,Weight in kilograms
2006-01-01,"1004.00.10 - Oats, seed (Terminated 2011-12)",Manitoba,The world,N/A,465050,1968876,Weight in kilograms
2009-01-01,"1004.00.20 - Oats, mixed feed oats (Terminated 2009-12)",Manitoba,The world,N/A,349260,1665958,Weight in kilograms
1990-01-01,"1004.00.90 - Oats, nes (Terminated 2011-12)",Manitoba,The world,N/A,6236240,51392006,Weight in kilograms
1991-01-01,"1004.00.90 - Oats, nes (Terminated 2011-12)",Manitoba,The world,N/A,4819896,43291332,Weight in kilograms
1996-01-01,"1004.00.90 - Oats, nes (Terminated 2011-12)",Manitoba,The world,N/A,72240298,355939335,Weight in kilograms
2006-01-01,"1004.00.90 - Oats, nes (Terminated 2011-12)",Manitoba,The world,N/A,67233520,381990145,Weight in kilograms
2008-01-01,"1004.00.90 - Oats, nes (Terminated 2011-12)",Manitoba,The world,N/A,197599253,742186655,Weight in kilograms
2010-01-01,"1004.00.90 - Oats, except seed (Terminated 2011-12)",Manitoba,The world,N/A,110926270,510175060,Weight in kilograms
2003-01-01,"1004.00.10 - Oats, seed (Terminated 2011-12)",Saskatchewan,The world,N/A,495313,1506680,Weight in kilograms
2006-01-01,"1004.00.10 - Oats, seed (Terminated 2011-12)",Saskatchewan,The world,N/A,1408679,5963889,Weight in kilograms
2007-01-01,"1004.00.10 - Oats, seed (Terminated 2011-12)",Saskatchewan,The world,N/A,971566,3251254,Weight in kilograms
2010-01-01,"1004.00.10 - Oats, seed (Terminated 2011-12)",Saskatchewan,The world,N/A,1721482,6953253,Weight in kilograms
1989-01-01,"1004.00.90 - Oats, nes (Terminated 2011-12)",Saskatchewan,The world,N/A,22095198,144011430,Weight in kilograms
1990-01-01,"1004.00.90 - Oats, nes (Terminated 2011-12)",Saskatchewan,The world,N/A,16127006,132900540,Weight in kilograms
1993-01-01,"1004.00.90 - Oats, nes (Terminated 2011-12)",Saskatchewan,The world,N/A,37044449,297007498,Weight in kilograms
1994-01-01,"1004.00.90 - Oats, nes (Terminated 2011-12)",Saskatchewan,The world,N/A,48692527,408836034,Weight in kilograms
1995-01-01,"1004.00.90 - Oats, nes (Terminated 2011-12)",Saskatchewan,The world,N/A,95322289,633945652,Weight in kilograms
2004-01-01,"1004.00.90 - Oats, nes (Terminated 2011-12)",Saskatchewan,The world,N/A,67443610,408992148,Weight in kilograms
2006-01-01,"1004.00.90 - Oats, nes (Terminated 2011-12)",Saskatchewan,The world,N/A,203656070,1157080956,Weight in kilograms
1988-01-01,"1004.00.10 - Oats, seed (Terminated 2011-12)",Alberta,The world,N/A,57697,217019,Weight in kilograms
1997-01-01,"1004.00.10 - Oats, seed (Terminated 2011-12)",Alberta,The world,N/A,217708,339202,Weight in kilograms
1998-01-01,"1004.00.10 - Oats, seed (Terminated 2011-12)",Alberta,The world,N/A,735837,3403748,Weight in kilograms
2001-01-01,"1004.00.10 - Oats, seed (Terminated 2011-12)",Alberta,The world,N/A,287867,1870263,Weight in kilograms
2007-01-01,"1004.00.10 - Oats, seed (Terminated 2011-12)",Alberta,The world,N/A,189347,633626,Weight in kilograms
2009-01-01,"1004.00.10 - Oats, seed (Terminated 2011-12)",Alberta,The world,N/A,117110,342272,Weight in kilograms
1999-01-01,"1004.00.20 - Oats, mixed feed oats (Terminated 2009-12)",Alberta,The world,N/A,550428,3247162,Weight in kilograms
1988-01-01,"1004.00.90 - Oats, nes (Terminated 2011-12)",Alberta,The world,N/A,33840894,218689632,Weight in kilograms
2000-01-01,"1004.00.90 - Oats, nes (Terminated 2011-12)",Alberta,The world,N/A,10932538,78237801,Weight in kilograms
2002-01-01,"1004.00.90 - Oats, nes (Terminated 2011-12)",Alberta,The world,N/A,9474724,39556567,Weight in kilograms
1991-01-01,"1004.00.10 - Oats, seed (Terminated 2011-12)",British Columbia,The world,N/A,4379,17010,Weight in kilograms
1994-01-01,"1004.00.10 - Oats, seed (Terminated 2011-12)",British Columbia,The world,N/A,7907,21866,Weight in kilograms
1988-01-01,"1004.00.20 - Oats, mixed feed oats (Terminated 2009-12)",British Columbia,The world,N/A,2444364,21511726,Weight in kilograms
1992-01-01,"1004.00.20 - Oats, mixed feed oats (Terminated 2009-12)",British Columbia,The world,N/A,393482,3153020,Weight in kilograms
2001-01-01,"1004.00.20 - Oats, mixed feed oats (Terminated 2009-12)",British Columbia,The world,N/A,60058,282066,Weight in kilograms
2008-01-01,"1004.00.20 - Oats, mixed feed oats (Terminated 2009-12)",British Columbia,The world,N/A,221319,885135,Weight in kilograms
1991-01-01,"1004.00.90 - Oats, nes (Terminated 2011-12)",British Columbia,The world,N/A,1359363,12209612,Weight in kilograms
1997-01-01,"1004.00.90 - Oats, nes (Terminated 2011-12)",British Columbia,The world,N/A,2237769,11776921,Weight in kilograms
1999-01-01,"1004.00.90 - Oats, nes (Terminated 2011-12)",British Columbia,The world,N/A,2451564,17033192,Weight in kilograms
2004-01-01,"1004.00.90 - Oats, nes (Terminated 2011-12)",British Columbia,The world,N/A,4262259,25851494,Weight in kilograms
1988-01-01,"1004.00.10 - Oats, seed (Terminated 2011-12)",New Brunswick,The world,N/A,90309,252372,Weight in kilograms
1990-01-01,"1004.00.10 - Oats, seed (Terminated 2011-12)",New Brunswick,The world,N/A,100480,295070,Weight in kilograms
1992-01-01,"1004.00.10 - Oats, seed (Terminated 2011-12)",New Brunswick,The world,N/A,62644,195952,Weight in kilograms
1994-01-01,"1004.00.10 - Oats, seed (Terminated 2011-12)",New Brunswick,The world,N/A,72398,188861,Weight in kilograms
1994-01-01,"1004.00.10 - Oats, seed (Terminated 2011-12)",Quebec,The world,N/A,33493,127055,Weight in kilograms
1998-01-01,"1004.00.10 - Oats, seed (Terminated 2011-12)",Quebec,The world,N/A,755560,3130137,Weight in kilograms
1990-01-01,"1004.00.10 - Oats, seed (Terminated 2011-12)",Ontario,The world,N/A,45262,217960,Weight in kilograms
1992-01-01,"1004.00.10 - Oats, seed (Terminated 2011-12)",Ontario,The world,N/A,34104,113370,Weight in kilograms
1988-01-01,"1004.00.10 - Oats, seed (Terminated 2011-12)",Manitoba,The world,N/A,120802,419614,Weight in kilograms
2001-01-01,"1004.00.10 - Oats, seed (Terminated 2011-12)",Manitoba,The world,N/A,871312,5660897,Weight in kilograms
2006-01-01,"1004.00.20 - Oats, mixed feed oats (Terminated 2009-12)",Manitoba,The world,N/A,3588831,17375331,Weight in kilograms
1992-01-01,"1004.00.90 - Oats, nes (Terminated 2011-12)",Manitoba,The world,N/A,8440743,64082491,Weight in kilograms
1998-01-01,"1004.00.90 - Oats, nes (Terminated 2011-12)",Manitoba,The world,N/A,59804613,369332544,Weight in kilograms
1994-01-01,"1004.00.10 - Oats, seed (Terminated 2011-12)",Saskatchewan,The world,N/A,41878,108052,Weight in kilograms
1997-01-01,"1004.00.10 - Oats, seed (Terminated 2011-12)",Saskatchewan,The world,N/A,116700,265883,Weight in kilograms
2004-01-01,"1004.00.10 - Oats, seed (Terminated 2011-12)",Saskatchewan,The world,N/A,629412,2640070,Weight in kilograms
2009-01-01,"1004.00.10 - Oats, seed (Terminated 2011-12)",Saskatchewan,The world,N/A,1159416,3388537,Weight in kilograms
1993-01-01,"1004.00.20 - Oats, mixed feed oats (Terminated 2009-12)",Saskatchewan,The world,N/A,5692877,41398885,Weight in kilograms
1996-01-01,"1004.00.20 - Oats, mixed feed oats (Terminated 2009-12)",Saskatchewan,The world,N/A,10346631,52859996,Weight in kilograms
1997-01-01,"1004.00.20 - Oats, mixed feed oats (Terminated 2009-12)",Saskatchewan,The world,N/A,8675954,49168088,Weight in kilograms
2000-01-01,"1004.00.20 - Oats, mixed feed oats (Terminated 2009-12)",Saskatchewan,The world,N/A,5825801,32971000,Weight in kilograms
2005-01-01,"1004.00.20 - Oats, mixed feed oats (Terminated 2009-12)",Saskatchewan,The world,N/A,6352829,32286383,Weight in kilograms
2009-01-01,"1004.00.20 - Oats, mixed feed oats (Terminated 2009-12)",Saskatchewan,The world,N/A,688663,3284902,Weight in kilograms
1992-01-01,"1004.00.10 - Oats, seed (Terminated 2011-12)",Alberta,The world,N/A,88376,278803,Weight in kilograms
1994-01-01,"1004.00.10 - Oats, seed (Terminated 2011-12)",Alberta,The world,N/A,64212,146064,Weight in kilograms
2006-01-01,"1004.00.20 - Oats, mixed feed oats (Terminated 2009-12)",Alberta,The world,N/A,1902103,9209087,Weight in kilograms
2008-01-01,"1004.00.20 - Oats, mixed feed oats (Terminated 2009-12)",Alberta,The world,N/A,730048,2919633,Weight in kilograms
1989-01-01,"1004.00.90 - Oats, nes (Terminated 2011-12)",Alberta,The world,N/A,85904080,559903058,Weight in kilograms
1995-01-01,"1004.00.90 - Oats, nes (Terminated 2011-12)",Alberta,The world,N/A,59069011,392841515,Weight in kilograms
2003-01-01,"1004.00.90 - Oats, nes (Terminated 2011-12)",Alberta,The world,N/A,7998359,41904824,Weight in kilograms
2006-01-01,"1004.00.90 - Oats, nes (Terminated 2011-12)",Alberta,The world,N/A,35634383,202458333,Weight in kilograms
2010-01-01,"1004.00.90 - Oats, except seed (Terminated 2011-12)",Alberta,The world,N/A,17393653,79997418,Weight in kilograms
2007-01-01,"1004.00.10 - Oats, seed (Terminated 2011-12)",British Columbia,The world,N/A,19872,66504,Weight in kilograms
1995-01-01,"1004.00.20 - Oats, mixed feed oats (Terminated 2009-12)",British Columbia,The world,N/A,417377,3084732,Weight in kilograms
1992-01-01,"1004.00.90 - Oats, nes (Terminated 2011-12)",British Columbia,The world,N/A,3123077,23710516,Weight in kilograms
2007-01-01,"1004.00.90 - Oats, nes (Terminated 2011-12)",British Columbia,The world,N/A,4385841,20756850,Weight in kilograms
1996-01-01,"1004.00.10 - Oats, seed (Terminated 2011-12)",New Brunswick,The world,N/A,63331,143843,Weight in kilograms
1997-01-01,"1004.00.10 - Oats, seed (Terminated 2011-12)",New Brunswick,The world,N/A,68303,188117,Weight in kilograms
1992-01-01,"1004.00.10 - Oats, seed (Terminated 2011-12)",Quebec,The world,N/A,15211,61398,Weight in kilograms
1994-01-01,"1004.00.10 - Oats, seed (Terminated 2011-12)",Ontario,The world,N/A,246492,292480,Weight in kilograms
1995-01-01,"1004.00.10 - Oats, seed (Terminated 2011-12)",Ontario,The world,N/A,21913,74452,Weight in kilograms
1996-01-01,"1004.00.10 - Oats, seed (Terminated 2011-12)",Ontario,The world,N/A,13168,42442,Weight in kilograms
1999-01-01,"1004.00.10 - Oats, seed (Terminated 2011-12)",Ontario,The world,N/A,548103,3433635,Weight in kilograms
1990-01-01,"1004.00.10 - Oats, seed (Terminated 2011-12)",Manitoba,The world,N/A,84615,268064,Weight in kilograms
1993-01-01,"1004.00.10 - Oats, seed (Terminated 2011-12)",Manitoba,The world,N/A,702606,3664809,Weight in kilograms
1993-01-01,"1004.00.20 - Oats, mixed feed oats (Terminated 2009-12)",Manitoba,The world,N/A,4432251,32231523,Weight in kilograms
1995-01-01,"1004.00.20 - Oats, mixed feed oats (Terminated 2009-12)",Manitoba,The world,N/A,3418066,25262472,Weight in kilograms
1999-01-01,"1004.00.20 - Oats, mixed feed oats (Terminated 2009-12)",Manitoba,The world,N/A,3468925,20465078,Weight in kilograms
2008-01-01,"1004.00.20 - Oats, mixed feed oats (Terminated 2009-12)",Manitoba,The world,N/A,5888338,23548600,Weight in kilograms
2005-01-01,"1004.00.90 - Oats, nes (Terminated 2011-12)",Manitoba,The world,N/A,83743288,512237595,Weight in kilograms
1990-01-01,"1004.00.10 - Oats, seed (Terminated 2011-12)",Saskatchewan,The world,N/A,76376,222681,Weight in kilograms
1998-01-01,"1004.00.10 - Oats, seed (Terminated 2011-12)",Saskatchewan,The world,N/A,22083,58322,Weight in kilograms
2000-01-01,"1004.00.10 - Oats, seed (Terminated 2011-12)",Saskatchewan,The world,N/A,1812078,13020266,Weight in kilograms
2001-01-01,"1004.00.10 - Oats, seed (Terminated 2011-12)",Saskatchewan,The world,N/A,1096117,7121444,Weight in kilograms
2005-01-01,"1004.00.10 - Oats, seed (Terminated 2011-12)",Saskatchewan,The world,N/A,256434,876366,Weight in kilograms
1990-01-01,"1004.00.20 - Oats, mixed feed oats (Terminated 2009-12)",Saskatchewan,The world,N/A,1222204,8791992,Weight in kilograms
1999-01-01,"1004.00.20 - Oats, mixed feed oats (Terminated 2009-12)",Saskatchewan,The world,N/A,4793498,28279413,Weight in kilograms
2008-01-01,"1004.00.20 - Oats, mixed feed oats (Terminated 2009-12)",Saskatchewan,The world,N/A,9677360,38701613,Weight in kilograms
1997-01-01,"1004.00.90 - Oats, nes (Terminated 2011-12)",Saskatchewan,The world,N/A,150978161,794567543,Weight in kilograms
2001-01-01,"1004.00.90 - Oats, nes (Terminated 2011-12)",Saskatchewan,The world,N/A,110449823,658103652,Weight in kilograms
2010-01-01,"1004.00.90 - Oats, except seed (Terminated 2011-12)",Saskatchewan,The world,N/A,202192998,929931579,Weight in kilograms
1989-01-01,"1004.00.10 - Oats, seed (Terminated 2011-12)",Alberta,The world,N/A,345780,599186,Weight in kilograms
1990-01-01,"1004.00.10 - Oats, seed (Terminated 2011-12)",Alberta,The world,N/A,183085,699665,Weight in kilograms
2002-01-01,"1004.00.10 - Oats, seed (Terminated 2011-12)",Alberta,The world,N/A,60818,179736,Weight in kilograms
2003-01-01,"1004.00.10 - Oats, seed (Terminated 2011-12)",Alberta,The world,N/A,61917,188332,Weight in kilograms
2006-01-01,"1004.00.10 - Oats, seed (Terminated 2011-12)",Alberta,The world,N/A,246478,1043519,Weight in kilograms
2008-01-01,"1004.00.10 - Oats, seed (Terminated 2011-12)",Alberta,The world,N/A,159404,497069,Weight in kilograms
1998-01-01,"1004.00.20 - Oats, mixed feed oats (Terminated 2009-12)",Alberta,The world,N/A,1140204,6506583,Weight in kilograms
2001-01-01,"1004.00.20 - Oats, mixed feed oats (Terminated 2009-12)",Alberta,The world,N/A,1313969,6171294,Weight in kilograms
1998-01-01,"1004.00.90 - Oats, nes (Terminated 2011-12)",Alberta,The world,N/A,18148197,112077011,Weight in kilograms
1989-01-01,"1004.00.20 - Oats, mixed feed oats (Terminated 2009-12)",British Columbia,The world,N/A,198168,1426025,Weight in kilograms
1991-01-01,"1004.00.20 - Oats, mixed feed oats (Terminated 2009-12)",British Columbia,The world,N/A,198665,1664672,Weight in kilograms
2000-01-01,"1004.00.20 - Oats, mixed feed oats (Terminated 2009-12)",British Columbia,The world,N/A,155134,877955,Weight in kilograms
2009-01-01,"1004.00.90 - Oats, nes (Terminated 2011-12)",British Columbia,The world,N/A,4202535,18534824,Weight in kilograms
1999-01-01,"1004.00.10 - Oats, seed (Terminated 2011-12)",New Brunswick,The world,N/A,33630,88252,Weight in kilograms
1991-01-01,"1004.00.10 - Oats, seed (Terminated 2011-12)",Quebec,The world,N/A,2627,11340,Weight in kilograms
1993-01-01,"1004.00.10 - Oats, seed (Terminated 2011-12)",Quebec,The world,N/A,311728,807042,Weight in kilograms
1997-01-01,"1004.00.10 - Oats, seed (Terminated 2011-12)",Quebec,The world,N/A,731917,2776478,Weight in kilograms
1999-01-01,"1004.00.10 - Oats, seed (Terminated 2011-12)",Quebec,The world,N/A,48293,256679,Weight in kilograms
1988-01-01,"1004.00.10 - Oats, seed (Terminated 2011-12)",Ontario,The world,N/A,243657,568361,Weight in kilograms
1989-01-01,"1004.00.10 - Oats, seed (Terminated 2011-12)",Ontario,The world,N/A,179595,685046,Weight in kilograms
1991-01-01,"1004.00.10 - Oats, seed (Terminated 2011-12)",Manitoba,The world,N/A,113577,1213515,Weight in kilograms
1992-01-01,"1004.00.10 - Oats, seed (Terminated 2011-12)",Manitoba,The world,N/A,82302,328591,Weight in kilograms
2010-01-01,"1004.00.10 - Oats, seed (Terminated 2011-12)",Manitoba,The world,N/A,944435,3814661,Weight in kilograms
1991-01-01,"1004.00.20 - Oats, mixed feed oats (Terminated 2009-12)",Manitoba,The world,N/A,704392,5902358,Weight in kilograms
1994-01-01,"1004.00.20 - Oats, mixed feed oats (Terminated 2009-12)",Manitoba,The world,N/A,3909027,25938371,Weight in kilograms
1996-01-01,"1004.00.20 - Oats, mixed feed oats (Terminated 2009-12)",Manitoba,The world,N/A,6567515,33552819,Weight in kilograms
1988-01-01,"1004.00.90 - Oats, nes (Terminated 2011-12)",Manitoba,The world,N/A,9839483,63585591,Weight in kilograms
1989-01-01,"1004.00.10 - Oats, seed (Terminated 2011-12)",Saskatchewan,The world,N/A,340947,1328747,Weight in kilograms
1993-01-01,"1004.00.10 - Oats, seed (Terminated 2011-12)",Saskatchewan,The world,N/A,75722,221746,Weight in kilograms
2008-01-01,"1004.00.10 - Oats, seed (Terminated 2011-12)",Saskatchewan,The world,N/A,2113000,6588954,Weight in kilograms
1989-01-01,"1004.00.20 - Oats, mixed feed oats (Terminated 2009-12)",Saskatchewan,The world,N/A,983245,7075425,Weight in kilograms
1992-01-01,"1004.00.20 - Oats, mixed feed oats (Terminated 2009-12)",Saskatchewan,The world,N/A,2053260,16452899,Weight in kilograms
2002-01-01,"1004.00.20 - Oats, mixed feed oats (Terminated 2009-12)",Saskatchewan,The world,N/A,7257491,28271868,Weight in kilograms
2003-01-01,"1004.00.20 - Oats, mixed feed oats (Terminated 2009-12)",Saskatchewan,The world,N/A,3681838,16176398,Weight in kilograms
2007-01-01,"1004.00.20 - Oats, mixed feed oats (Terminated 2009-12)",Saskatchewan,The world,N/A,11168492,51799901,Weight in kilograms
1988-01-01,"1004.00.20 - Oats, mixed feed oats (Terminated 2009-12)",Alberta,The world,N/A,676377,3868248,Weight in kilograms
1989-01-01,"1004.00.20 - Oats, mixed feed oats (Terminated 2009-12)",Alberta,The world,N/A,3822777,27508608,Weight in kilograms
1990-01-01,"1004.00.20 - Oats, mixed feed oats (Terminated 2009-12)",Alberta,The world,N/A,3309363,23806312,Weight in kilograms
1991-01-01,"1004.00.20 - Oats, mixed feed oats (Terminated 2009-12)",Alberta,The world,N/A,2526203,21167951,Weight in kilograms
2003-01-01,"1004.00.20 - Oats, mixed feed oats (Terminated 2009-12)",Alberta,The world,N/A,460240,2022044,Weight in kilograms
2005-01-01,"1004.00.20 - Oats, mixed feed oats (Terminated 2009-12)",Alberta,The world,N/A,2611389,13271678,Weight in kilograms
1990-01-01,"1004.00.90 - Oats, nes (Terminated 2011-12)",Alberta,The world,N/A,43667462,359858147,Weight in kilograms
1996-01-01,"1004.00.90 - Oats, nes (Terminated 2011-12)",Alberta,The world,N/A,52294110,257661204,Weight in kilograms
1999-01-01,"1004.00.90 - Oats, nes (Terminated 2011-12)",Alberta,The world,N/A,9854336,68466763,Weight in kilograms
2009-01-01,"1004.00.90 - Oats, nes (Terminated 2011-12)",Alberta,The world,N/A,23095327,101859372,Weight in kilograms
1989-01-01,"1004.00.10 - Oats, seed (Terminated 2011-12)",British Columbia,The world,N/A,301292,1771722,Weight in kilograms
1990-01-01,"1004.00.10 - Oats, seed (Terminated 2011-12)",British Columbia,The world,N/A,29830,137393,Weight in kilograms
2000-01-01,"1004.00.10 - Oats, seed (Terminated 2011-12)",British Columbia,The world,N/A,48255,346708,Weight in kilograms
2003-01-01,"1004.00.10 - Oats, seed (Terminated 2011-12)",British Columbia,The world,N/A,26233,79802,Weight in kilograms
2004-01-01,"1004.00.10 - Oats, seed (Terminated 2011-12)",British Columbia,The world,N/A,39773,166876,Weight in kilograms
1993-01-01,"1004.00.20 - Oats, mixed feed oats (Terminated 2009-12)",British Columbia,The world,N/A,678260,4932374,Weight in kilograms
2003-01-01,"1004.00.20 - Oats, mixed feed oats (Terminated 2009-12)",British Columbia,The world,N/A,195025,856805,Weight in kilograms
2006-01-01,"1004.00.20 - Oats, mixed feed oats (Terminated 2009-12)",British Columbia,The world,N/A,207118,1002737,Weight in kilograms
2009-01-01,"1004.00.20 - Oats, mixed feed oats (Terminated 2009-12)",British Columbia,The world,N/A,12655,60377,Weight in kilograms
1994-01-01,"1004.00.90 - Oats, nes (Terminated 2011-12)",British Columbia,The world,N/A,5012124,42083187,Weight in kilograms
2003-01-01,"1004.00.90 - Oats, nes (Terminated 2011-12)",British Columbia,The world,N/A,3389164,17756313,Weight in kilograms
2006-01-01,"1004.00.90 - Oats, nes (Terminated 2011-12)",British Columbia,The world,N/A,3880076,22044691,Weight in kilograms
2008-01-01,"1004.00.90 - Oats, nes (Terminated 2011-12)",British Columbia,The world,N/A,7427301,27897085,Weight in kilograms
2010-01-01,"1004.00.90 - Oats, except seed (Terminated 2011-12)",British Columbia,The world,N/A,2699045,12413391,Weight in kilograms
1988-01-01,"1004.00.20 - Oats, mixed feed oats (Terminated 2009-12)",New Brunswick,The world,N/A,2930,22000,Weight in kilograms
1991-01-01,"1004.00.10 - Oats, seed (Terminated 2011-12)",Ontario,The world,N/A,2347,21772,Weight in kilograms
1995-01-01,"1004.00.10 - Oats, seed (Terminated 2011-12)",Manitoba,The world,N/A,1724764,8516033,Weight in kilograms
1996-01-01,"1004.00.10 - Oats, seed (Terminated 2011-12)",Manitoba,The world,N/A,162378,679495,Weight in kilograms
1988-01-01,"1004.00.20 - Oats, mixed feed oats (Terminated 2009-12)",Manitoba,The world,N/A,1288732,9903967,Weight in kilograms
2001-01-01,"1004.00.20 - Oats, mixed feed oats (Terminated 2009-12)",Manitoba,The world,N/A,3977088,18679215,Weight in kilograms
2005-01-01,"1004.00.20 - Oats, mixed feed oats (Terminated 2009-12)",Manitoba,The world,N/A,6114049,31072828,Weight in kilograms
2007-01-01,"1004.00.20 - Oats, mixed feed oats (Terminated 2009-12)",Manitoba,The world,N/A,7578927,35151324,Weight in kilograms
1993-01-01,"1004.00.90 - Oats, nes (Terminated 2011-12)",Manitoba,The world,N/A,28841356,231238281,Weight in kilograms
1994-01-01,"1004.00.90 - Oats, nes (Terminated 2011-12)",Manitoba,The world,N/A,21008757,176395351,Weight in kilograms
2000-01-01,"1004.00.90 - Oats, nes (Terminated 2011-12)",Manitoba,The world,N/A,81486317,583149470,Weight in kilograms
2002-01-01,"1004.00.90 - Oats, nes (Terminated 2011-12)",Manitoba,The world,N/A,79797813,333152510,Weight in kilograms
2003-01-01,"1004.00.90 - Oats, nes (Terminated 2011-12)",Manitoba,The world,N/A,118290295,619745273,Weight in kilograms
2004-01-01,"1004.00.90 - Oats, nes (Terminated 2011-12)",Manitoba,The world,N/A,93482594,566901667,Weight in kilograms
2007-01-01,"1004.00.90 - Oats, nes (Terminated 2011-12)",Manitoba,The world,N/A,145504567,688627743,Weight in kilograms
1995-01-01,"1004.00.10 - Oats, seed (Terminated 2011-12)",Saskatchewan,The world,N/A,33763,61000,Weight in kilograms
1996-01-01,"1004.00.10 - Oats, seed (Terminated 2011-12)",Saskatchewan,The world,N/A,208020,352379,Weight in kilograms
2002-01-01,"1004.00.10 - Oats, seed (Terminated 2011-12)",Saskatchewan,The world,N/A,610174,1803306,Weight in kilograms
1991-01-01,"1004.00.20 - Oats, mixed feed oats (Terminated 2009-12)",Saskatchewan,The world,N/A,1475989,12367839,Weight in kilograms
1991-01-01,"1004.00.90 - Oats, nes (Terminated 2011-12)",Saskatchewan,The world,N/A,10099616,90712824,Weight in kilograms
2005-01-01,"1004.00.90 - Oats, nes (Terminated 2011-12)",Saskatchewan,The world,N/A,87013825,532242862,Weight in kilograms
2000-01-01,"1004.00.10 - Oats, seed (Terminated 2011-12)",Alberta,The world,N/A,190580,1369375,Weight in kilograms
1994-01-01,"1004.00.20 - Oats, mixed feed oats (Terminated 2009-12)",Alberta,The world,N/A,7887772,52339420,Weight in kilograms
1995-01-01,"1004.00.20 - Oats, mixed feed oats (Terminated 2009-12)",Alberta,The world,N/A,4971425,36743161,Weight in kilograms
1996-01-01,"1004.00.20 - Oats, mixed feed oats (Terminated 2009-12)",Alberta,The world,N/A,4754164,24288566,Weight in kilograms
2004-01-01,"1004.00.20 - Oats, mixed feed oats (Terminated 2009-12)",Alberta,The world,N/A,897812,4405130,Weight in kilograms
1993-01-01,"1004.00.90 - Oats, nes (Terminated 2011-12)",Alberta,The world,N/A,43159897,346038727,Weight in kilograms
1988-01-01,"1004.00.10 - Oats, seed (Terminated 2011-12)",British Columbia,The world,N/A,60055,366639,Weight in kilograms
2004-01-01,"1004.00.20 - Oats, mixed feed oats (Terminated 2009-12)",British Columbia,The world,N/A,307821,1510342,Weight in kilograms
1988-01-01,"1004.00.90 - Oats, nes (Terminated 2011-12)",British Columbia,The world,N/A,2141027,13835927,Weight in kilograms
1990-01-01,"1004.00.90 - Oats, nes (Terminated 2011-12)",British Columbia,The world,N/A,3183873,26237876,Weight in kilograms
1996-01-01,"1004.00.90 - Oats, nes (Terminated 2011-12)",British Columbia,The world,N/A,8210258,40453178,Weight in kilograms
1988-01-01,"1004.00.10 - Oats, seed (Terminated 2011-12)",Nova Scotia,The world,N/A,398507,109174,Weight in kilograms
1989-01-01,"1004.00.10 - Oats, seed (Terminated 2011-12)",Manitoba,The world,N/A,581074,2105723,Weight in kilograms
2002-01-01,"1004.00.10 - Oats, seed (Terminated 2011-12)",Manitoba,The world,N/A,512204,1513773,Weight in kilograms
1989-01-01,"1004.00.20 - Oats, mixed feed oats (Terminated 2009-12)",Manitoba,The world,N/A,425117,3059116,Weight in kilograms
1990-01-01,"1004.00.20 - Oats, mixed feed oats (Terminated 2009-12)",Manitoba,The world,N/A,472614,3399826,Weight in kilograms
2000-01-01,"1004.00.20 - Oats, mixed feed oats (Terminated 2009-12)",Manitoba,The world,N/A,4566903,25846231,Weight in kilograms
2002-01-01,"1004.00.20 - Oats, mixed feed oats (Terminated 2009-12)",Manitoba,The world,N/A,6092228,23732603,Weight in kilograms
2009-01-01,"1004.00.90 - Oats, nes (Terminated 2011-12)",Manitoba,The world,N/A,115960057,511429155,Weight in kilograms
1988-01-01,"1004.00.10 - Oats, seed (Terminated 2011-12)",Saskatchewan,The world,N/A,211553,951781,Weight in kilograms
1992-01-01,"1004.00.10 - Oats, seed (Terminated 2011-12)",Saskatchewan,The world,N/A,159815,614059,Weight in kilograms
1995-01-01,"1004.00.20 - Oats, mixed feed oats (Terminated 2009-12)",Saskatchewan,The world,N/A,8022600,59294057,Weight in kilograms
2004-01-01,"1004.00.20 - Oats, mixed feed oats (Terminated 2009-12)",Saskatchewan,The world,N/A,4870086,23894696,Weight in kilograms
1996-01-01,"1004.00.10 - Oats, seed (Terminated 2011-12)",Alberta,The world,N/A,187089,573762,Weight in kilograms
2004-01-01,"1004.00.10 - Oats, seed (Terminated 2011-12)",Alberta,The world,N/A,116035,486716,Weight in kilograms
1993-01-01,"1004.00.20 - Oats, mixed feed oats (Terminated 2009-12)",Alberta,The world,N/A,6632675,48233178,Weight in kilograms
2002-01-01,"1004.00.20 - Oats, mixed feed oats (Terminated 2009-12)",Alberta,The world,N/A,723356,2817879,Weight in kilograms
2007-01-01,"1004.00.20 - Oats, mixed feed oats (Terminated 2009-12)",Alberta,The world,N/A,2176589,10095094,Weight in kilograms
2001-01-01,"1004.00.90 - Oats, nes (Terminated 2011-12)",Alberta,The world,N/A,29006788,172833938,Weight in kilograms
2005-01-01,"1004.00.90 - Oats, nes (Terminated 2011-12)",Alberta,The world,N/A,35767965,218784061,Weight in kilograms
2007-01-01,"1004.00.90 - Oats, nes (Terminated 2011-12)",Alberta,The world,N/A,41787373,197766655,Weight in kilograms
2008-01-01,"1004.00.90 - Oats, nes (Terminated 2011-12)",Alberta,The world,N/A,24498991,92018650,Weight in kilograms
2001-01-01,"1004.00.10 - Oats, seed (Terminated 2011-12)",British Columbia,The world,N/A,13155,85479,Weight in kilograms
2009-01-01,"1004.00.10 - Oats, seed (Terminated 2011-12)",British Columbia,The world,N/A,21307,62285,Weight in kilograms
1990-01-01,"1004.00.20 - Oats, mixed feed oats (Terminated 2009-12)",British Columbia,The world,N/A,241297,1735753,Weight in kilograms
1999-01-01,"1004.00.20 - Oats, mixed feed oats (Terminated 2009-12)",British Columbia,The world,N/A,136932,807826,Weight in kilograms
2007-01-01,"1004.00.20 - Oats, mixed feed oats (Terminated 2009-12)",British Columbia,The world,N/A,228437,1059548,Weight in kilograms
1993-01-01,"1004.00.90 - Oats, nes (Terminated 2011-12)",British Columbia,The world,N/A,4413561,35386182,Weight in kilograms
1998-01-01,"1004.00.90 - Oats, nes (Terminated 2011-12)",British Columbia,The world,N/A,1844134,11388635,Weight in kilograms
2005-01-01,"1004.00.90 - Oats, nes (Terminated 2011-12)",British Columbia,The world,N/A,1791526,10958326,Weight in kilograms
,,,,,,,
,,,,,,,
How to cite: Statistics Canada. Canadian International Merchandise Trade Web Application,,,,,,,
https://www150.statcan.gc.ca/n1/pub/71-607-x/71-607-x2021004-eng.htm,,,,,,,
Accessed date: 2021-11-06,,,,,,,
