Year,Province,Crop Type,Dollars Per Metric Tonne
2001,Newfoundland and Labrador,Fresh Potatoes,322.3021714848
2002,Newfoundland and Labrador,Fresh Potatoes,350.7819427728
2003,Newfoundland and Labrador,Fresh Potatoes,340.3515427728
2004,Newfoundland and Labrador,Fresh Potatoes,326.9066666448
2005,Newfoundland and Labrador,Fresh Potatoes,364.08
2006,Newfoundland and Labrador,Fresh Potatoes,452.64
2007,Newfoundland and Labrador,Fresh Potatoes,435.7714285152
2008,Newfoundland and Labrador,Fresh Potatoes,542.8399999344
2009,Newfoundland and Labrador,Fresh Potatoes,600.24
2010,Newfoundland and Labrador,Fresh Potatoes,503.808
2011,Newfoundland and Labrador,Fresh Potatoes,488.7199999344
2012,Newfoundland and Labrador,Fresh Potatoes,447.0171427728
2013,Newfoundland and Labrador,Fresh Potatoes,506.7037714848
2014,Newfoundland and Labrador,Fresh Potatoes,536.0832
2015,Newfoundland and Labrador,Fresh Potatoes,495.8797714848
2016,Newfoundland and Labrador,Fresh Potatoes,479.4329142576
2017,Newfoundland and Labrador,Fresh Potatoes,486.5177142576
2018,Newfoundland and Labrador,Fresh Potatoes,506.5069714848
2019,Newfoundland and Labrador,Fresh Potatoes,512.8889142576
2020,Newfoundland and Labrador,Fresh Potatoes,494.6568
1992,PEI,Wheat (Excluding Durum),142.16
1993,PEI,Wheat (Excluding Durum),147.25
1994,PEI,Wheat (Excluding Durum),169.68
1995,PEI,Wheat (Excluding Durum),198.9
1996,PEI,Wheat (Excluding Durum),226.31
1997,PEI,Wheat (Excluding Durum),190.26
1998,PEI,Wheat (Excluding Durum),158.93
1999,PEI,Wheat (Excluding Durum),161.31
2000,PEI,Wheat (Excluding Durum),148.14
2001,PEI,Wheat (Excluding Durum),162.44
2002,PEI,Wheat (Excluding Durum),176.33
2003,PEI,Wheat (Excluding Durum),173.08
2004,PEI,Wheat (Excluding Durum),161.08
2005,PEI,Wheat (Excluding Durum),144.25
2006,PEI,Wheat (Excluding Durum),164.5
2007,PEI,Wheat (Excluding Durum),205.08
2008,PEI,Wheat (Excluding Durum),264.33
2009,PEI,Wheat (Excluding Durum),224.33
2010,PEI,Wheat (Excluding Durum),218.25
2011,PEI,Wheat (Excluding Durum),259.25
2012,PEI,Wheat (Excluding Durum),273.42
2013,PEI,Wheat (Excluding Durum),267.69
2014,PEI,Wheat (Excluding Durum),237.57
2015,PEI,Wheat (Excluding Durum),238.34
2016,PEI,Wheat (Excluding Durum),225.72
2017,PEI,Wheat (Excluding Durum),199.94
2018,PEI,Wheat (Excluding Durum),224.63
2019,PEI,Wheat (Excluding Durum),234.98
2020,PEI,Wheat (Excluding Durum),267.94
2021,PEI,Wheat (Excluding Durum),326.44
1985,PEI,Oats,133.48
1986,PEI,Oats,111.28
1987,PEI,Oats,94.71
1988,PEI,Oats,133.18
1989,PEI,Oats,135.89
1990,PEI,Oats,121.19
1991,PEI,Oats,105.99
1992,PEI,Oats,125.8
1993,PEI,Oats,102.77
1994,PEI,Oats,109.39
1995,PEI,Oats,138.96
1996,PEI,Oats,183.33
1997,PEI,Oats,150.46
1998,PEI,Oats,123.33
1999,PEI,Oats,125.92
2000,PEI,Oats,115.92
2001,PEI,Oats,123.75
2002,PEI,Oats,133
2003,PEI,Oats,137.17
2004,PEI,Oats,123.75
2005,PEI,Oats,103.83
2006,PEI,Oats,113.5
2007,PEI,Oats,150.75
2008,PEI,Oats,173.92
2009,PEI,Oats,176.17
2010,PEI,Oats,153.67
2011,PEI,Oats,163.33
2012,PEI,Oats,191.58
2013,PEI,Oats,196.35
2014,PEI,Oats,177.52
2015,PEI,Oats,177.84
2016,PEI,Oats,168.35
2017,PEI,Oats,165.27
2018,PEI,Oats,202.18
2019,PEI,Oats,215.93
2020,PEI,Oats,230.21
2021,PEI,Oats,245.7
1985,PEI,Barley,153.95
1986,PEI,Barley,126.86
1987,PEI,Barley,103.03
1988,PEI,Barley,120.6
1989,PEI,Barley,146.9
1990,PEI,Barley,130.68
1991,PEI,Barley,118.98
1992,PEI,Barley,118.92
1993,PEI,Barley,106.22
1994,PEI,Barley,121.9
1995,PEI,Barley,148.83
1996,PEI,Barley,195.32
1997,PEI,Barley,150.96
1998,PEI,Barley,129.75
1999,PEI,Barley,130.33
2000,PEI,Barley,125.42
2001,PEI,Barley,136.92
2002,PEI,Barley,151.25
2003,PEI,Barley,141.42
2004,PEI,Barley,126.17
2005,PEI,Barley,113.75
2006,PEI,Barley,117.67
2007,PEI,Barley,178.08
2008,PEI,Barley,189.92
2009,PEI,Barley,183.25
2010,PEI,Barley,170.83
2011,PEI,Barley,218.08
2012,PEI,Barley,248.83
2013,PEI,Barley,225.67
2014,PEI,Barley,183.75
2015,PEI,Barley,207.98
2016,PEI,Barley,169.54
2017,PEI,Barley,176.39
2018,PEI,Barley,208.95
2019,PEI,Barley,221.63
2020,PEI,Barley,241.94
2021,PEI,Barley,267.64
1992,Nova Scotia,Wheat (Excluding Durum),153.76
1993,Nova Scotia,Wheat (Excluding Durum),186.18
1994,Nova Scotia,Wheat (Excluding Durum),186.93
1995,Nova Scotia,Wheat (Excluding Durum),208.35
1996,Nova Scotia,Wheat (Excluding Durum),233.07
1997,Nova Scotia,Wheat (Excluding Durum),198.38
1998,Nova Scotia,Wheat (Excluding Durum),166.04
1999,Nova Scotia,Wheat (Excluding Durum),164.37
2000,Nova Scotia,Wheat (Excluding Durum),170.18
2001,Nova Scotia,Wheat (Excluding Durum),189.56
2002,Nova Scotia,Wheat (Excluding Durum),210.99
2003,Nova Scotia,Wheat (Excluding Durum),206
2004,Nova Scotia,Wheat (Excluding Durum),206.83
2005,Nova Scotia,Wheat (Excluding Durum),143.75
2006,Nova Scotia,Wheat (Excluding Durum),164.67
2007,Nova Scotia,Wheat (Excluding Durum),217.42
2008,Nova Scotia,Wheat (Excluding Durum),258.83
2009,Nova Scotia,Wheat (Excluding Durum),231.08
2010,Nova Scotia,Wheat (Excluding Durum),223.42
2011,Nova Scotia,Wheat (Excluding Durum),262.92
2012,Nova Scotia,Wheat (Excluding Durum),276.17
2013,Nova Scotia,Wheat (Excluding Durum),270.01
2014,Nova Scotia,Wheat (Excluding Durum),271.77
2015,Nova Scotia,Wheat (Excluding Durum),259.63
2016,Nova Scotia,Wheat (Excluding Durum),245.89
2017,Nova Scotia,Wheat (Excluding Durum),228.41
2018,Nova Scotia,Wheat (Excluding Durum),234.76
2019,Nova Scotia,Wheat (Excluding Durum),238.62
2020,Nova Scotia,Wheat (Excluding Durum),258.65
2021,Nova Scotia,Wheat (Excluding Durum),320.32
1985,Nova Scotia,Oats,164.96
1986,Nova Scotia,Oats,145.94
1987,Nova Scotia,Oats,124.87
1988,Nova Scotia,Oats,136.35
1989,Nova Scotia,Oats,145.94
1990,Nova Scotia,Oats,141.74
1991,Nova Scotia,Oats,136.83
1992,Nova Scotia,Oats,153.07
1993,Nova Scotia,Oats,115.85
1994,Nova Scotia,Oats,132.63
1995,Nova Scotia,Oats,153.14
1996,Nova Scotia,Oats,208.71
1997,Nova Scotia,Oats,151.63
1998,Nova Scotia,Oats,124.25
1999,Nova Scotia,Oats,123.42
2000,Nova Scotia,Oats,118.33
2001,Nova Scotia,Oats,150.08
2002,Nova Scotia,Oats,171.25
2003,Nova Scotia,Oats,175.75
2004,Nova Scotia,Oats,162
2005,Nova Scotia,Oats,136.58
2006,Nova Scotia,Oats,125.25
2007,Nova Scotia,Oats,162.83
2008,Nova Scotia,Oats,183.25
2009,Nova Scotia,Oats,198.08
2010,Nova Scotia,Oats,163.08
2011,Nova Scotia,Oats,172.67
2012,Nova Scotia,Oats,188.5
2013,Nova Scotia,Oats,205.34
2014,Nova Scotia,Oats,219.05
2015,Nova Scotia,Oats,191.26
2016,Nova Scotia,Oats,158.43
2017,Nova Scotia,Oats,188.7
2018,Nova Scotia,Oats,208.66
2019,Nova Scotia,Oats,216.49
2020,Nova Scotia,Oats,220.51
2021,Nova Scotia,Oats,246.02
1985,Nova Scotia,Barley,172.54
1986,Nova Scotia,Barley,154.06
1987,Nova Scotia,Barley,128.87
1988,Nova Scotia,Barley,137.7
1989,Nova Scotia,Barley,146.95
1990,Nova Scotia,Barley,150.65
1991,Nova Scotia,Barley,141.66
1992,Nova Scotia,Barley,134.47
1993,Nova Scotia,Barley,118.93
1994,Nova Scotia,Barley,138.4
1995,Nova Scotia,Barley,162.91
1996,Nova Scotia,Barley,206.74
1997,Nova Scotia,Barley,159.57
1998,Nova Scotia,Barley,133.67
1999,Nova Scotia,Barley,135.25
2000,Nova Scotia,Barley,134.42
2001,Nova Scotia,Barley,163.83
2002,Nova Scotia,Barley,178.33
2003,Nova Scotia,Barley,170.58
2004,Nova Scotia,Barley,163.33
2005,Nova Scotia,Barley,137.92
2006,Nova Scotia,Barley,141.25
2007,Nova Scotia,Barley,190.83
2008,Nova Scotia,Barley,211.08
2009,Nova Scotia,Barley,203.92
2010,Nova Scotia,Barley,177.92
2011,Nova Scotia,Barley,226.08
2012,Nova Scotia,Barley,254.17
2013,Nova Scotia,Barley,240
2014,Nova Scotia,Barley,221.92
2015,Nova Scotia,Barley,213.5
2016,Nova Scotia,Barley,180.15
2017,Nova Scotia,Barley,173.69
2018,Nova Scotia,Barley,196.46
2019,Nova Scotia,Barley,220.89
2020,Nova Scotia,Barley,232.23
2021,Nova Scotia,Barley,254.98
1992,Nova Scotia,Corn for Grain,156.65
1993,Nova Scotia,Corn for Grain,148.88
1994,Nova Scotia,Corn for Grain,144.26
1995,Nova Scotia,Corn for Grain,174.9
1996,Nova Scotia,Corn for Grain,246.15
1997,Nova Scotia,Corn for Grain,185.04
1998,Nova Scotia,Corn for Grain,178.5
1999,Nova Scotia,Corn for Grain,154.67
2000,Nova Scotia,Corn for Grain,145.17
2001,Nova Scotia,Corn for Grain,182.25
2002,Nova Scotia,Corn for Grain,187.33
2003,Nova Scotia,Corn for Grain,184.5
2004,Nova Scotia,Corn for Grain,192.92
2005,Nova Scotia,Corn for Grain,180.83
2006,Nova Scotia,Corn for Grain,166.92
2007,Nova Scotia,Corn for Grain,212.25
2008,Nova Scotia,Corn for Grain,231.17
2009,Nova Scotia,Corn for Grain,224.33
2010,Nova Scotia,Corn for Grain,214.58
2011,Nova Scotia,Corn for Grain,274.92
2012,Nova Scotia,Corn for Grain,290.17
2013,Nova Scotia,Corn for Grain,254.12
2014,Nova Scotia,Corn for Grain,220.29
2015,Nova Scotia,Corn for Grain,235.48
2016,Nova Scotia,Corn for Grain,223.11
2017,Nova Scotia,Corn for Grain,221.09
2018,Nova Scotia,Corn for Grain,235.42
2019,Nova Scotia,Corn for Grain,253.19
2020,Nova Scotia,Corn for Grain,282.78
2021,Nova Scotia,Corn for Grain,333.76
2001,Nova Scotia,Fresh Potatoes,211.506327272727
2002,Nova Scotia,Fresh Potatoes,180.749866666667
2003,Nova Scotia,Fresh Potatoes,206.9352
2004,Nova Scotia,Fresh Potatoes,187.586181818182
2005,Nova Scotia,Fresh Potatoes,187.66848
2006,Nova Scotia,Fresh Potatoes,197.94144
2007,Nova Scotia,Fresh Potatoes,197.784
2008,Nova Scotia,Fresh Potatoes,222.2856
2009,Nova Scotia,Fresh Potatoes,267.719563636364
2010,Nova Scotia,Fresh Potatoes,265.2864
2011,Nova Scotia,Fresh Potatoes,298.7178
2012,Nova Scotia,Fresh Potatoes,311.884266666667
2013,Nova Scotia,Fresh Potatoes,293.175771428571
2014,Nova Scotia,Fresh Potatoes,296.861866666667
2015,Nova Scotia,Fresh Potatoes,328.328
2016,Nova Scotia,Fresh Potatoes,322.629
2017,Nova Scotia,Fresh Potatoes,330.747
2018,Nova Scotia,Fresh Potatoes,334.3386
2019,Nova Scotia,Fresh Potatoes,342.186
2020,Nova Scotia,Fresh Potatoes,309.96
1992,New Brunswick,Wheat (Excluding Durum),142.99
1993,New Brunswick,Wheat (Excluding Durum),120
1994,New Brunswick,Wheat (Excluding Durum),171.71
1995,New Brunswick,Wheat (Excluding Durum),204.35
1996,New Brunswick,Wheat (Excluding Durum),219.87
1997,New Brunswick,Wheat (Excluding Durum),188.16
1998,New Brunswick,Wheat (Excluding Durum),174.1
1999,New Brunswick,Wheat (Excluding Durum),155.01
2000,New Brunswick,Wheat (Excluding Durum),162.3
2001,New Brunswick,Wheat (Excluding Durum),188.34
2002,New Brunswick,Wheat (Excluding Durum),182.43
2003,New Brunswick,Wheat (Excluding Durum),193.33
2004,New Brunswick,Wheat (Excluding Durum),202.42
2005,New Brunswick,Wheat (Excluding Durum),129.5
2006,New Brunswick,Wheat (Excluding Durum),143.42
2007,New Brunswick,Wheat (Excluding Durum),187.75
2008,New Brunswick,Wheat (Excluding Durum),250.25
2009,New Brunswick,Wheat (Excluding Durum),211
2010,New Brunswick,Wheat (Excluding Durum),213.75
2011,New Brunswick,Wheat (Excluding Durum),249.17
2012,New Brunswick,Wheat (Excluding Durum),274
2013,New Brunswick,Wheat (Excluding Durum),268.48
2014,New Brunswick,Wheat (Excluding Durum),252.28
2015,New Brunswick,Wheat (Excluding Durum),246.61
2016,New Brunswick,Wheat (Excluding Durum),243.21
2017,New Brunswick,Wheat (Excluding Durum),223.64
2018,New Brunswick,Wheat (Excluding Durum),235.1
2019,New Brunswick,Wheat (Excluding Durum),254.22
2020,New Brunswick,Wheat (Excluding Durum),277.15
2021,New Brunswick,Wheat (Excluding Durum),335.58
1985,New Brunswick,Oats,140.51
1986,New Brunswick,Oats,118.67
1987,New Brunswick,Oats,105.42
1988,New Brunswick,Oats,132.5
1989,New Brunswick,Oats,151.25
1990,New Brunswick,Oats,132.44
1991,New Brunswick,Oats,121.06
1992,New Brunswick,Oats,118.43
1993,New Brunswick,Oats,101.53
1994,New Brunswick,Oats,127.5
1995,New Brunswick,Oats,142.56
1996,New Brunswick,Oats,153.37
1997,New Brunswick,Oats,135.75
1998,New Brunswick,Oats,114.67
1999,New Brunswick,Oats,113.5
2000,New Brunswick,Oats,118.08
2001,New Brunswick,Oats,122
2002,New Brunswick,Oats,150.08
2003,New Brunswick,Oats,150
2004,New Brunswick,Oats,138.25
2005,New Brunswick,Oats,103.25
2006,New Brunswick,Oats,109.33
2007,New Brunswick,Oats,169.75
2008,New Brunswick,Oats,188.58
2009,New Brunswick,Oats,186.58
2010,New Brunswick,Oats,157.42
2011,New Brunswick,Oats,171.25
2012,New Brunswick,Oats,191.25
2013,New Brunswick,Oats,205.23
2014,New Brunswick,Oats,225.28
2015,New Brunswick,Oats,193.96
2016,New Brunswick,Oats,147.98
2017,New Brunswick,Oats,172.66
2018,New Brunswick,Oats,205.9
2019,New Brunswick,Oats,212.47
2020,New Brunswick,Oats,236.14
2021,New Brunswick,Oats,257.51
1985,New Brunswick,Barley,139.4
1986,New Brunswick,Barley,121.79
1987,New Brunswick,Barley,105.73
1988,New Brunswick,Barley,118.67
1989,New Brunswick,Barley,134.45
1990,New Brunswick,Barley,123.66
1991,New Brunswick,Barley,112.76
1992,New Brunswick,Barley,114.77
1993,New Brunswick,Barley,101.55
1994,New Brunswick,Barley,126.87
1995,New Brunswick,Barley,157.12
1996,New Brunswick,Barley,176.16
1997,New Brunswick,Barley,151.56
1998,New Brunswick,Barley,123.42
1999,New Brunswick,Barley,129.08
2000,New Brunswick,Barley,127.75
2001,New Brunswick,Barley,153.92
2002,New Brunswick,Barley,155.33
2003,New Brunswick,Barley,152.92
2004,New Brunswick,Barley,144.33
2005,New Brunswick,Barley,110.83
2006,New Brunswick,Barley,112.58
2007,New Brunswick,Barley,188.17
2008,New Brunswick,Barley,204
2009,New Brunswick,Barley,182.83
2010,New Brunswick,Barley,180.42
2011,New Brunswick,Barley,227.75
2012,New Brunswick,Barley,253.92
2013,New Brunswick,Barley,232.78
2014,New Brunswick,Barley,204.01
2015,New Brunswick,Barley,211.67
2016,New Brunswick,Barley,175.2
2017,New Brunswick,Barley,186.41
2018,New Brunswick,Barley,214.54
2019,New Brunswick,Barley,233.5
2020,New Brunswick,Barley,249.19
2021,New Brunswick,Barley,275.92
2001,New Brunswick,Fresh Potatoes,163.2128
2002,New Brunswick,Fresh Potatoes,218.0052
2003,New Brunswick,Fresh Potatoes,150.1748
2004,New Brunswick,Fresh Potatoes,142.2536
2005,New Brunswick,Fresh Potatoes,149.158
2006,New Brunswick,Fresh Potatoes,177.6612
2007,New Brunswick,Fresh Potatoes,145.468
2008,New Brunswick,Fresh Potatoes,174.66
2009,New Brunswick,Fresh Potatoes,221.3344
2010,New Brunswick,Fresh Potatoes,194.6188
2011,New Brunswick,Fresh Potatoes,215.414
2012,New Brunswick,Fresh Potatoes,221.6296
2013,New Brunswick,Fresh Potatoes,233.7984
2014,New Brunswick,Fresh Potatoes,242.9168
2015,New Brunswick,Fresh Potatoes,238.4068
2016,New Brunswick,Fresh Potatoes,242.8512
2017,New Brunswick,Fresh Potatoes,250.756
2018,New Brunswick,Fresh Potatoes,247.5744
2019,New Brunswick,Fresh Potatoes,258.1688
2020,New Brunswick,Fresh Potatoes,267.957257142857
1992,Quebec,Wheat (Excluding Durum),128.24
1993,Quebec,Wheat (Excluding Durum),129.76
1994,Quebec,Wheat (Excluding Durum),152.89
1995,Quebec,Wheat (Excluding Durum),195.45
1996,Quebec,Wheat (Excluding Durum),243.18
1997,Quebec,Wheat (Excluding Durum),179.07
1998,Quebec,Wheat (Excluding Durum),164.69
1999,Quebec,Wheat (Excluding Durum),143.37
2000,Quebec,Wheat (Excluding Durum),146.47
2001,Quebec,Wheat (Excluding Durum),151.01
2002,Quebec,Wheat (Excluding Durum),186.47
2003,Quebec,Wheat (Excluding Durum),175.02
2004,Quebec,Wheat (Excluding Durum),154.27
2005,Quebec,Wheat (Excluding Durum),128.84
2006,Quebec,Wheat (Excluding Durum),160.02
2007,Quebec,Wheat (Excluding Durum),210.75
2008,Quebec,Wheat (Excluding Durum),276.89
2009,Quebec,Wheat (Excluding Durum),202.2
2010,Quebec,Wheat (Excluding Durum),133.65
2011,Quebec,Wheat (Excluding Durum),208.11
2012,Quebec,Wheat (Excluding Durum),274.82
2013,Quebec,Wheat (Excluding Durum),272.06
2014,Quebec,Wheat (Excluding Durum),251.19
2015,Quebec,Wheat (Excluding Durum),259.3
2016,Quebec,Wheat (Excluding Durum),232.06
2017,Quebec,Wheat (Excluding Durum),238.49
2018,Quebec,Wheat (Excluding Durum),253.74
2019,Quebec,Wheat (Excluding Durum),273.59
2020,Quebec,Wheat (Excluding Durum),273.25
2021,Quebec,Wheat (Excluding Durum),332.81
1985,Quebec,Oats,141.13
1986,Quebec,Oats,110.58
1987,Quebec,Oats,106.49
1988,Quebec,Oats,144.08
1989,Quebec,Oats,133.54
1990,Quebec,Oats,95.66
1991,Quebec,Oats,88.16
1992,Quebec,Oats,103.65
1993,Quebec,Oats,96.44
1994,Quebec,Oats,104.81
1995,Quebec,Oats,120.22
1996,Quebec,Oats,181.54
1997,Quebec,Oats,134.2
1998,Quebec,Oats,110.69
1999,Quebec,Oats,99.96
2000,Quebec,Oats,94.34
2001,Quebec,Oats,108.84
2002,Quebec,Oats,160.9
2003,Quebec,Oats,147.08
2004,Quebec,Oats,117.04
2005,Quebec,Oats,112.01
2006,Quebec,Oats,120.36
2007,Quebec,Oats,157.78
2008,Quebec,Oats,196.49
2009,Quebec,Oats,159.84
2010,Quebec,Oats,143.28
2011,Quebec,Oats,195.66
2012,Quebec,Oats,212.47
2013,Quebec,Oats,216.25
2014,Quebec,Oats,208.49
2015,Quebec,Oats,196.37
2016,Quebec,Oats,147.54
2017,Quebec,Oats,165.62
2018,Quebec,Oats,209.49
2019,Quebec,Oats,236.26
2020,Quebec,Oats,238.19
2021,Quebec,Oats,287.63
1985,Quebec,Barley,150.34
1986,Quebec,Barley,119.4
1987,Quebec,Barley,102.57
1988,Quebec,Barley,128.55
1989,Quebec,Barley,137.97
1990,Quebec,Barley,125.67
1991,Quebec,Barley,105.87
1992,Quebec,Barley,105.31
1993,Quebec,Barley,95.77
1994,Quebec,Barley,119.94
1995,Quebec,Barley,148.98
1996,Quebec,Barley,191.08
1997,Quebec,Barley,145.88
1998,Quebec,Barley,128.22
1999,Quebec,Barley,111.54
2000,Quebec,Barley,112.24
2001,Quebec,Barley,133.34
2002,Quebec,Barley,140.59
2003,Quebec,Barley,132.98
2004,Quebec,Barley,122.58
2005,Quebec,Barley,106.16
2006,Quebec,Barley,119.7
2007,Quebec,Barley,170.14
2008,Quebec,Barley,198.81
2009,Quebec,Barley,157.45
2010,Quebec,Barley,142.78
2011,Quebec,Barley,214.27
2012,Quebec,Barley,242.31
2013,Quebec,Barley,222.32
2014,Quebec,Barley,176.92
2015,Quebec,Barley,197.89
2016,Quebec,Barley,176.11
2017,Quebec,Barley,184.59
2018,Quebec,Barley,210.6
2019,Quebec,Barley,234.46
2020,Quebec,Barley,237.88
2021,Quebec,Barley,281.82
1985,Quebec,Corn for Grain,156.42
1986,Quebec,Corn for Grain,125.72
1987,Quebec,Corn for Grain,109.56
1988,Quebec,Corn for Grain,140.48
1989,Quebec,Corn for Grain,149.75
1990,Quebec,Corn for Grain,140.48
1991,Quebec,Corn for Grain,119.99
1992,Quebec,Corn for Grain,121.05
1993,Quebec,Corn for Grain,126.81
1994,Quebec,Corn for Grain,141.71
1995,Quebec,Corn for Grain,158.55
1996,Quebec,Corn for Grain,221.49
1997,Quebec,Corn for Grain,161.2
1998,Quebec,Corn for Grain,146.12
1999,Quebec,Corn for Grain,130.65
2000,Quebec,Corn for Grain,125.51
2001,Quebec,Corn for Grain,131.42
2002,Quebec,Corn for Grain,151.85
2003,Quebec,Corn for Grain,145.95
2004,Quebec,Corn for Grain,142.81
2005,Quebec,Corn for Grain,109.45
2006,Quebec,Corn for Grain,126.06
2007,Quebec,Corn for Grain,168.74
2008,Quebec,Corn for Grain,211.85
2009,Quebec,Corn for Grain,192.15
2010,Quebec,Corn for Grain,174.18
2011,Quebec,Corn for Grain,255.73
2012,Quebec,Corn for Grain,279.75
2013,Quebec,Corn for Grain,244.94
2014,Quebec,Corn for Grain,199.44
2015,Quebec,Corn for Grain,209.58
2016,Quebec,Corn for Grain,200.75
2017,Quebec,Corn for Grain,199.67
2018,Quebec,Corn for Grain,204.08
2019,Quebec,Corn for Grain,224.58
2020,Quebec,Corn for Grain,224.92
2021,Quebec,Corn for Grain,289.75
2000,Quebec,Canola (including rapeseed),232.31
2001,Quebec,Canola (including rapeseed),273.98
2002,Quebec,Canola (including rapeseed),334.55
2003,Quebec,Canola (including rapeseed),341.48
2004,Quebec,Canola (including rapeseed),338.42
2005,Quebec,Canola (including rapeseed),250.91
2006,Quebec,Canola (including rapeseed),207.08
2007,Quebec,Canola (including rapeseed),338.03
2008,Quebec,Canola (including rapeseed),397.28
2009,Quebec,Canola (including rapeseed),385.90
2010,Quebec,Canola (including rapeseed),405.86
2011,Quebec,Canola (including rapeseed),541.13
2012,Quebec,Canola (including rapeseed),568.64
2013,Quebec,Canola (including rapeseed),545.18
2014,Quebec,Canola (including rapeseed),447.88
2015,Quebec,Canola (including rapeseed),476.95
2016,Quebec,Canola (including rapeseed),484.63
2017,Quebec,Canola (including rapeseed),499.14
2018,Quebec,Canola (including rapeseed),499.96
2019,Quebec,Canola (including rapeseed),457.19
2020,Quebec,Canola (including rapeseed),471.77
2021,Quebec,Canola (including rapeseed),572.74
2001,Quebec,Fresh Potatoes,182.204
2002,Quebec,Fresh Potatoes,270.1572
2003,Quebec,Fresh Potatoes,185.2544
2004,Quebec,Fresh Potatoes,160.5396
2005,Quebec,Fresh Potatoes,184.1556
2006,Quebec,Fresh Potatoes,251.658
2007,Quebec,Fresh Potatoes,181.5972
2008,Quebec,Fresh Potatoes,221.6788
2009,Quebec,Fresh Potatoes,276.75
2010,Quebec,Fresh Potatoes,246.4428
2011,Quebec,Fresh Potatoes,291.51
2012,Quebec,Fresh Potatoes,275.4872
2013,Quebec,Fresh Potatoes,264.286
2014,Quebec,Fresh Potatoes,265.762
2015,Quebec,Fresh Potatoes,261.826
2016,Quebec,Fresh Potatoes,270.9608
2017,Quebec,Fresh Potatoes,306.188
2018,Quebec,Fresh Potatoes,322.7356
2019,Quebec,Fresh Potatoes,344.2852
2020,Quebec,Fresh Potatoes,335.9376
1985,Ontario,Oats,126.85
1986,Ontario,Oats,100.83
1987,Ontario,Oats,97.19
1988,Ontario,Oats,132.46
1989,Ontario,Oats,148.41
1990,Ontario,Oats,115.87
1991,Ontario,Oats,99.76
1992,Ontario,Oats,110.04
1993,Ontario,Oats,102.99
1994,Ontario,Oats,111.63
1995,Ontario,Oats,126.18
1996,Ontario,Oats,176.14
1997,Ontario,Oats,144.11
1998,Ontario,Oats,140.67
1999,Ontario,Oats,113.87
2000,Ontario,Oats,110.6
2001,Ontario,Oats,143.76
2002,Ontario,Oats,197.27
2003,Ontario,Oats,172.07
2004,Ontario,Oats,146.28
2005,Ontario,Oats,138.67
2006,Ontario,Oats,144.18
2007,Ontario,Oats,177.2
2008,Ontario,Oats,238.51
2009,Ontario,Oats,215.68
2010,Ontario,Oats,180.74
2011,Ontario,Oats,237.11
2012,Ontario,Oats,254.63
2013,Ontario,Oats,260.63
2014,Ontario,Oats,251.52
2015,Ontario,Oats,228.92
2016,Ontario,Oats,212.24
2017,Ontario,Oats,217.79
2018,Ontario,Oats,243.58
2019,Ontario,Oats,266.73
2020,Ontario,Oats,273.78
2021,Ontario,Oats,302.04
1985,Ontario,Barley,124.55
1986,Ontario,Barley,96.87
1987,Ontario,Barley,91.55
1988,Ontario,Barley,116.47
1989,Ontario,Barley,134.42
1990,Ontario,Barley,117.44
1991,Ontario,Barley,98.57
1992,Ontario,Barley,106.49
1993,Ontario,Barley,98.86
1994,Ontario,Barley,112.84
1995,Ontario,Barley,134.79
1996,Ontario,Barley,178.01
1997,Ontario,Barley,141.89
1998,Ontario,Barley,123.47
1999,Ontario,Barley,102.77
2000,Ontario,Barley,102.32
2001,Ontario,Barley,135.16
2002,Ontario,Barley,137.61
2003,Ontario,Barley,141.01
2004,Ontario,Barley,134.65
2005,Ontario,Barley,108.66
2006,Ontario,Barley,113.16
2007,Ontario,Barley,165.59
2008,Ontario,Barley,205.02
2009,Ontario,Barley,177.84
2010,Ontario,Barley,141.34
2011,Ontario,Barley,223.33
2012,Ontario,Barley,262.97
2013,Ontario,Barley,217.29
2014,Ontario,Barley,190.94
2015,Ontario,Barley,181.4
2016,Ontario,Barley,185.73
2017,Ontario,Barley,205.17
2018,Ontario,Barley,239.36
2019,Ontario,Barley,250.01
2020,Ontario,Barley,239.89
2021,Ontario,Barley,268.67
1985,Ontario,Corn for Grain,129.85
1986,Ontario,Corn for Grain,105.62
1987,Ontario,Corn for Grain,92.46
1988,Ontario,Corn for Grain,120.58
1989,Ontario,Corn for Grain,135.51
1990,Ontario,Corn for Grain,122.79
1991,Ontario,Corn for Grain,102.21
1992,Ontario,Corn for Grain,110.04
1993,Ontario,Corn for Grain,109.34
1994,Ontario,Corn for Grain,131.89
1995,Ontario,Corn for Grain,141.04
1996,Ontario,Corn for Grain,207.59
1997,Ontario,Corn for Grain,151.74
1998,Ontario,Corn for Grain,132.49
1999,Ontario,Corn for Grain,116.26
2000,Ontario,Corn for Grain,115.99
2001,Ontario,Corn for Grain,131
2002,Ontario,Corn for Grain,145.59
2003,Ontario,Corn for Grain,147.91
2004,Ontario,Corn for Grain,145.6
2005,Ontario,Corn for Grain,108.52
2006,Ontario,Corn for Grain,113.6
2007,Ontario,Corn for Grain,156.86
2008,Ontario,Corn for Grain,197.87
2009,Ontario,Corn for Grain,178.27
2010,Ontario,Corn for Grain,164.76
2011,Ontario,Corn for Grain,240.86
2012,Ontario,Corn for Grain,254.97
2013,Ontario,Corn for Grain,236.41
2014,Ontario,Corn for Grain,183.31
2015,Ontario,Corn for Grain,189.58
2016,Ontario,Corn for Grain,193.79
2017,Ontario,Corn for Grain,191.93
2018,Ontario,Corn for Grain,195.17
2019,Ontario,Corn for Grain,209.96
2020,Ontario,Corn for Grain,211.08
2021,Ontario,Corn for Grain,263.81
1985,Ontario,Canola (including rapeseed),319.01
1986,Ontario,Canola (including rapeseed),230.53
1987,Ontario,Canola (including rapeseed),184.25
1988,Ontario,Canola (including rapeseed),287.59
1989,Ontario,Canola (including rapeseed),293.25
1990,Ontario,Canola (including rapeseed),257.85
1991,Ontario,Canola (including rapeseed),248.01
1992,Ontario,Canola (including rapeseed),259.56
1993,Ontario,Canola (including rapeseed),300.03
1994,Ontario,Canola (including rapeseed),387.16
1995,Ontario,Canola (including rapeseed),391.33
1996,Ontario,Canola (including rapeseed),412.29
1997,Ontario,Canola (including rapeseed),389.46
1998,Ontario,Canola (including rapeseed),382.99
1999,Ontario,Canola (including rapeseed),299.07
2000,Ontario,Canola (including rapeseed),241.9
2001,Ontario,Canola (including rapeseed),283.63
2002,Ontario,Canola (including rapeseed),362.47
2003,Ontario,Canola (including rapeseed),359.18
2004,Ontario,Canola (including rapeseed),369.83
2005,Ontario,Canola (including rapeseed),239.45
2006,Ontario,Canola (including rapeseed),261.22
2007,Ontario,Canola (including rapeseed),361.43
2008,Ontario,Canola (including rapeseed),517.44
2009,Ontario,Canola (including rapeseed),418.39
2010,Ontario,Canola (including rapeseed),415.06
2011,Ontario,Canola (including rapeseed),529.25
2012,Ontario,Canola (including rapeseed),565.33
2013,Ontario,Canola (including rapeseed),578.57
2014,Ontario,Canola (including rapeseed),467.63
2015,Ontario,Canola (including rapeseed),488.51
2016,Ontario,Canola (including rapeseed),501.47
2017,Ontario,Canola (including rapeseed),520.02
2018,Ontario,Canola (including rapeseed),508.05
2019,Ontario,Canola (including rapeseed),462.1
2020,Ontario,Canola (including rapeseed),471.46
2021,Ontario,Canola (including rapeseed),711.58
1985,Ontario,Rye,95.96
1986,Ontario,Rye,95.99
1987,Ontario,Rye,81.4
1988,Ontario,Rye,100.95
1989,Ontario,Rye,99.98
1990,Ontario,Rye,82.26
1991,Ontario,Rye,77.69
1992,Ontario,Rye,89.02
1993,Ontario,Rye,83.71
1994,Ontario,Rye,99.25
1995,Ontario,Rye,109.97
1996,Ontario,Rye,176.1
1997,Ontario,Rye,131.25
1998,Ontario,Rye,115
1999,Ontario,Rye,90
2000,Ontario,Rye,74.76
2001,Ontario,Rye,105
2002,Ontario,Rye,126
2003,Ontario,Rye,140
2004,Ontario,Rye,150
2005,Ontario,Rye,150
2006,Ontario,Rye,150
2007,Ontario,Rye,152.25
2008,Ontario,Rye,281.6
2009,Ontario,Rye,226
2001,Ontario,Fresh Potatoes,198.5548
2002,Ontario,Fresh Potatoes,349.6152
2003,Ontario,Fresh Potatoes,243.9172
2004,Ontario,Fresh Potatoes,224.188
2005,Ontario,Fresh Potatoes,238.4068000656
2006,Ontario,Fresh Potatoes,282.5719999344
2007,Ontario,Fresh Potatoes,252.7404
2008,Ontario,Fresh Potatoes,306.8112
2009,Ontario,Fresh Potatoes,316.0116
2010,Ontario,Fresh Potatoes,318.2911999344
2011,Ontario,Fresh Potatoes,325.0644
2012,Ontario,Fresh Potatoes,299.3491999344
2013,Ontario,Fresh Potatoes,292.0512
2014,Ontario,Fresh Potatoes,305.7288
2015,Ontario,Fresh Potatoes,310.5175999344
2016,Ontario,Fresh Potatoes,330.1483999344
2017,Ontario,Fresh Potatoes,348.0571999344
2018,Ontario,Fresh Potatoes,359.406
2019,Ontario,Fresh Potatoes,364.3915999344
2020,Ontario,Fresh Potatoes,369.1124572272
2012,Manitoba,Wheat (Excluding Durum),289.17
2013,Manitoba,Wheat (Excluding Durum),269.2
2014,Manitoba,Wheat (Excluding Durum),215.26
2015,Manitoba,Wheat (Excluding Durum),223.04
2016,Manitoba,Wheat (Excluding Durum),228.06
2017,Manitoba,Wheat (Excluding Durum),247.66
2018,Manitoba,Wheat (Excluding Durum),250.63
2019,Manitoba,Wheat (Excluding Durum),242.14
2020,Manitoba,Wheat (Excluding Durum),239.88
2021,Manitoba,Wheat (Excluding Durum),288.97
1985,Manitoba,Oats,102.4
1986,Manitoba,Oats,80.1
1987,Manitoba,Oats,66.92
1988,Manitoba,Oats,119.22
1989,Manitoba,Oats,120.07
1990,Manitoba,Oats,77.22
1991,Manitoba,Oats,71.01
1992,Manitoba,Oats,95.69
1993,Manitoba,Oats,96.2
1994,Manitoba,Oats,93.33
1995,Manitoba,Oats,111
1996,Manitoba,Oats,165.15
1997,Manitoba,Oats,129.65
1998,Manitoba,Oats,116.92
1999,Manitoba,Oats,96.36
2000,Manitoba,Oats,89.25
2001,Manitoba,Oats,121.97
2002,Manitoba,Oats,186.43
2003,Manitoba,Oats,149.28
2004,Manitoba,Oats,133.38
2005,Manitoba,Oats,127.55
2006,Manitoba,Oats,138.74
2007,Manitoba,Oats,178
2008,Manitoba,Oats,207.33
2009,Manitoba,Oats,153.98
2010,Manitoba,Oats,159.56
2011,Manitoba,Oats,217.12
2012,Manitoba,Oats,215.57
2013,Manitoba,Oats,236.05
2014,Manitoba,Oats,205.66
2015,Manitoba,Oats,201.17
2016,Manitoba,Oats,195.96
2017,Manitoba,Oats,205.33
2018,Manitoba,Oats,205.79
2019,Manitoba,Oats,231.76
2020,Manitoba,Oats,238.75
2021,Manitoba,Oats,261.79
1985,Manitoba,Barley,109.31
1986,Manitoba,Barley,82.69
1987,Manitoba,Barley,63.02
1988,Manitoba,Barley,86.13
1989,Manitoba,Barley,107.74
1990,Manitoba,Barley,88.88
1991,Manitoba,Barley,73.46
1992,Manitoba,Barley,75.02
1993,Manitoba,Barley,72.03
1994,Manitoba,Barley,71.14
1995,Manitoba,Barley,107.89
1996,Manitoba,Barley,135.71
1997,Manitoba,Barley,101.75
1998,Manitoba,Barley,94.5
1999,Manitoba,Barley,81.55
2000,Manitoba,Barley,77.42
2001,Manitoba,Barley,103.99
2002,Manitoba,Barley,138.69
2003,Manitoba,Barley,121.74
2004,Manitoba,Barley,102.82
2005,Manitoba,Barley,80.87
2006,Manitoba,Barley,94.5
2007,Manitoba,Barley,149.08
2008,Manitoba,Barley,181.93
2009,Manitoba,Barley,124.62
2010,Manitoba,Barley,123.11
2011,Manitoba,Barley,188.39
2012,Manitoba,Barley,222.41
2013,Manitoba,Barley,216.54
2014,Manitoba,Barley,157.78
2015,Manitoba,Barley,192.35
2016,Manitoba,Barley,186.13
2017,Manitoba,Barley,175.09
2018,Manitoba,Barley,211.56
2019,Manitoba,Barley,228.18
2020,Manitoba,Barley,216.74
2021,Manitoba,Barley,244.38
1985,Manitoba,Flaxseed,301.28
1986,Manitoba,Flaxseed,222.04
1987,Manitoba,Flaxseed,162.49
1988,Manitoba,Flaxseed,284.27
1989,Manitoba,Flaxseed,333.68
1990,Manitoba,Flaxseed,308.73
1991,Manitoba,Flaxseed,173.07
1992,Manitoba,Flaxseed,177.77
1993,Manitoba,Flaxseed,216.71
1994,Manitoba,Flaxseed,243.22
1995,Manitoba,Flaxseed,280.8
1996,Manitoba,Flaxseed,324.24
1997,Manitoba,Flaxseed,324.68
1998,Manitoba,Flaxseed,351.13
1999,Manitoba,Flaxseed,257.42
2000,Manitoba,Flaxseed,205.93
2001,Manitoba,Flaxseed,268.36
2002,Manitoba,Flaxseed,345.68
2003,Manitoba,Flaxseed,348.33
2004,Manitoba,Flaxseed,387.09
2005,Manitoba,Flaxseed,403.34
2006,Manitoba,Flaxseed,238.28
2007,Manitoba,Flaxseed,348.4
2008,Manitoba,Flaxseed,628.28
2009,Manitoba,Flaxseed,431.64
2010,Manitoba,Flaxseed,433.03
2011,Manitoba,Flaxseed,535.66
2012,Manitoba,Flaxseed,554.18
2013,Manitoba,Flaxseed,592.86
2014,Manitoba,Flaxseed,536.77
2015,Manitoba,Flaxseed,528.52
2016,Manitoba,Flaxseed,484.03
2017,Manitoba,Flaxseed,495.85
2018,Manitoba,Flaxseed,500.75
2019,Manitoba,Flaxseed,523.12
2020,Manitoba,Flaxseed,577.5
2021,Manitoba,Flaxseed,752.16
1985,Manitoba,Canola (including rapeseed),321.51
1986,Manitoba,Canola (including rapeseed),223.72
1987,Manitoba,Canola (including rapeseed),206.25
1988,Manitoba,Canola (including rapeseed),296.46
1989,Manitoba,Canola (including rapeseed),275.4
1990,Manitoba,Canola (including rapeseed),265.03
1991,Manitoba,Canola (including rapeseed),244.46
1992,Manitoba,Canola (including rapeseed),245.07
1993,Manitoba,Canola (including rapeseed),276.1
1994,Manitoba,Canola (including rapeseed),333.73
1995,Manitoba,Canola (including rapeseed),370.75
1996,Manitoba,Canola (including rapeseed),381.02
1997,Manitoba,Canola (including rapeseed),385.43
1998,Manitoba,Canola (including rapeseed),377.68
1999,Manitoba,Canola (including rapeseed),294.81
2000,Manitoba,Canola (including rapeseed),221.31
2001,Manitoba,Canola (including rapeseed),276.25
2002,Manitoba,Canola (including rapeseed),346.07
2003,Manitoba,Canola (including rapeseed),349.88
2004,Manitoba,Canola (including rapeseed),348.89
2005,Manitoba,Canola (including rapeseed),262.23
2006,Manitoba,Canola (including rapeseed),279.06
2007,Manitoba,Canola (including rapeseed),368.76
2008,Manitoba,Canola (including rapeseed),504.5
2009,Manitoba,Canola (including rapeseed),422.16
2010,Manitoba,Canola (including rapeseed),409.98
2011,Manitoba,Canola (including rapeseed),534.09
2012,Manitoba,Canola (including rapeseed),575.32
2013,Manitoba,Canola (including rapeseed),574.35
2014,Manitoba,Canola (including rapeseed),450.99
2015,Manitoba,Canola (including rapeseed),465.68
2016,Manitoba,Canola (including rapeseed),479.94
2017,Manitoba,Canola (including rapeseed),505.46
2018,Manitoba,Canola (including rapeseed),500.9
2019,Manitoba,Canola (including rapeseed),453.97
2020,Manitoba,Canola (including rapeseed),464.83
2021,Manitoba,Canola (including rapeseed),649.79
1985,Manitoba,Rye,76.94
1986,Manitoba,Rye,65.47
1987,Manitoba,Rye,64.35
1988,Manitoba,Rye,104.31
1989,Manitoba,Rye,96.14
1990,Manitoba,Rye,69.72
1991,Manitoba,Rye,61.98
1992,Manitoba,Rye,77.06
1993,Manitoba,Rye,82.66
1994,Manitoba,Rye,91.77
1995,Manitoba,Rye,112.83
1996,Manitoba,Rye,166.63
1997,Manitoba,Rye,163.1
1998,Manitoba,Rye,118.4
1999,Manitoba,Rye,73.16
2000,Manitoba,Rye,69
2001,Manitoba,Rye,88.13
2002,Manitoba,Rye,135.24
2003,Manitoba,Rye,150.17
2004,Manitoba,Rye,126.69
2005,Manitoba,Rye,128.3
2006,Manitoba,Rye,100.74
2007,Manitoba,Rye,149.23
2008,Manitoba,Rye,263.58
2009,Manitoba,Rye,181.78
2010,Manitoba,Rye,149.77
2011,Manitoba,Rye,219.43
2012,Manitoba,Rye,247.17
2013,Manitoba,Rye,255.66
2014,Manitoba,Rye,227.62
2015,Manitoba,Rye,215
2016,Manitoba,Rye,205.01
2017,Manitoba,Rye,162.19
2018,Manitoba,Rye,205.42
2019,Manitoba,Rye,236.58
2020,Manitoba,Rye,222.89
2021,Manitoba,Rye,232.21
2001,Manitoba,Fresh Potatoes,154.9636
2002,Manitoba,Fresh Potatoes,159.6376
2003,Manitoba,Fresh Potatoes,152.2576
2004,Manitoba,Fresh Potatoes,148.584
2005,Manitoba,Fresh Potatoes,156.702
2006,Manitoba,Fresh Potatoes,166.2796
2007,Manitoba,Fresh Potatoes,171.708
2008,Manitoba,Fresh Potatoes,200.244
2009,Manitoba,Fresh Potatoes,218.9564
2010,Manitoba,Fresh Potatoes,227.1892
2011,Manitoba,Fresh Potatoes,184.0244
2012,Manitoba,Fresh Potatoes,207.3452
2013,Manitoba,Fresh Potatoes,229.108
2014,Manitoba,Fresh Potatoes,242.146
2015,Manitoba,Fresh Potatoes,237.2424
2016,Manitoba,Fresh Potatoes,240.4568
2017,Manitoba,Fresh Potatoes,258.4148
2018,Manitoba,Fresh Potatoes,262.1376
2019,Manitoba,Fresh Potatoes,281.8176
2020,Manitoba,Fresh Potatoes,303.6061714848
2012,Saskatchewan,Wheat (Excluding Durum),279.42
2013,Saskatchewan,Wheat (Excluding Durum),260.86
2014,Saskatchewan,Wheat (Excluding Durum),199.27
2015,Saskatchewan,Wheat (Excluding Durum),210.87
2016,Saskatchewan,Wheat (Excluding Durum),220
2017,Saskatchewan,Wheat (Excluding Durum),229.97
2018,Saskatchewan,Wheat (Excluding Durum),239.78
2019,Saskatchewan,Wheat (Excluding Durum),231.89
2020,Saskatchewan,Wheat (Excluding Durum),226.45
2021,Saskatchewan,Wheat (Excluding Durum),284.17
1985,Saskatchewan,Oats,100.51
1986,Saskatchewan,Oats,78.84
1987,Saskatchewan,Oats,62.43
1988,Saskatchewan,Oats,109.72
1989,Saskatchewan,Oats,112.92
1990,Saskatchewan,Oats,76.11
1991,Saskatchewan,Oats,68.31
1992,Saskatchewan,Oats,93.27
1993,Saskatchewan,Oats,94.18
1994,Saskatchewan,Oats,88.25
1995,Saskatchewan,Oats,105.75
1996,Saskatchewan,Oats,155.64
1997,Saskatchewan,Oats,118.44
1998,Saskatchewan,Oats,103.96
1999,Saskatchewan,Oats,86.33
2000,Saskatchewan,Oats,86.45
2001,Saskatchewan,Oats,120.29
2002,Saskatchewan,Oats,201.91
2003,Saskatchewan,Oats,138.89
2004,Saskatchewan,Oats,115.86
2005,Saskatchewan,Oats,109.35
2006,Saskatchewan,Oats,125.29
2007,Saskatchewan,Oats,164.72
2008,Saskatchewan,Oats,188.36
2009,Saskatchewan,Oats,137.74
2010,Saskatchewan,Oats,144.75
2011,Saskatchewan,Oats,202.34
2012,Saskatchewan,Oats,198.95
2013,Saskatchewan,Oats,219.97
2014,Saskatchewan,Oats,175.4
2015,Saskatchewan,Oats,174.98
2016,Saskatchewan,Oats,168.75
2017,Saskatchewan,Oats,183.93
2018,Saskatchewan,Oats,180.66
2019,Saskatchewan,Oats,205.2
2020,Saskatchewan,Oats,211.79
2021,Saskatchewan,Oats,248.51
1985,Saskatchewan,Barley,108.69
1986,Saskatchewan,Barley,77.92
1987,Saskatchewan,Barley,58.69
1988,Saskatchewan,Barley,80.87
1989,Saskatchewan,Barley,102.31
1990,Saskatchewan,Barley,84.75
1991,Saskatchewan,Barley,71.64
1992,Saskatchewan,Barley,69.43
1993,Saskatchewan,Barley,68.31
1994,Saskatchewan,Barley,72.09
1995,Saskatchewan,Barley,106.55
1996,Saskatchewan,Barley,128.77
1997,Saskatchewan,Barley,102.2
1998,Saskatchewan,Barley,98.25
1999,Saskatchewan,Barley,84.02
2000,Saskatchewan,Barley,79.08
2001,Saskatchewan,Barley,108.43
2002,Saskatchewan,Barley,139.96
2003,Saskatchewan,Barley,112.54
2004,Saskatchewan,Barley,96.39
2005,Saskatchewan,Barley,71.84
2006,Saskatchewan,Barley,83.19
2007,Saskatchewan,Barley,144.39
2008,Saskatchewan,Barley,181.25
2009,Saskatchewan,Barley,124.03
2010,Saskatchewan,Barley,118.81
2011,Saskatchewan,Barley,172.25
2012,Saskatchewan,Barley,212.13
2013,Saskatchewan,Barley,231.42
2014,Saskatchewan,Barley,179.65
2015,Saskatchewan,Barley,213.35
2016,Saskatchewan,Barley,205.85
2017,Saskatchewan,Barley,182.29
2018,Saskatchewan,Barley,209.56
2019,Saskatchewan,Barley,220.06
2020,Saskatchewan,Barley,203.55
2021,Saskatchewan,Barley,249.6
1985,Saskatchewan,Flaxseed,302.58
1986,Saskatchewan,Flaxseed,217.34
1987,Saskatchewan,Flaxseed,157.33
1988,Saskatchewan,Flaxseed,280.48
1989,Saskatchewan,Flaxseed,332.42
1990,Saskatchewan,Flaxseed,306.14
1991,Saskatchewan,Flaxseed,157.02
1992,Saskatchewan,Flaxseed,174.46
1993,Saskatchewan,Flaxseed,207.75
1994,Saskatchewan,Flaxseed,236.99
1995,Saskatchewan,Flaxseed,275.33
1996,Saskatchewan,Flaxseed,318.52
1997,Saskatchewan,Flaxseed,306.75
1998,Saskatchewan,Flaxseed,341.16
1999,Saskatchewan,Flaxseed,240.91
2000,Saskatchewan,Flaxseed,201.52
2001,Saskatchewan,Flaxseed,265.33
2002,Saskatchewan,Flaxseed,342.86
2003,Saskatchewan,Flaxseed,336.72
2004,Saskatchewan,Flaxseed,377.85
2005,Saskatchewan,Flaxseed,414.06
2006,Saskatchewan,Flaxseed,233.58
2007,Saskatchewan,Flaxseed,338.05
2008,Saskatchewan,Flaxseed,625.28
2009,Saskatchewan,Flaxseed,420.76
2010,Saskatchewan,Flaxseed,426.73
2011,Saskatchewan,Flaxseed,556.65
2012,Saskatchewan,Flaxseed,543.33
2013,Saskatchewan,Flaxseed,583.46
2014,Saskatchewan,Flaxseed,519.24
2015,Saskatchewan,Flaxseed,520.5
2016,Saskatchewan,Flaxseed,454.4
2017,Saskatchewan,Flaxseed,469.15
2018,Saskatchewan,Flaxseed,482.18
2019,Saskatchewan,Flaxseed,515.85
2020,Saskatchewan,Flaxseed,567.1
2021,Saskatchewan,Flaxseed,778.5
1985,Saskatchewan,Canola (including rapeseed),321.71
1986,Saskatchewan,Canola (including rapeseed),223.68
1987,Saskatchewan,Canola (including rapeseed),205.33
1988,Saskatchewan,Canola (including rapeseed),303.24
1989,Saskatchewan,Canola (including rapeseed),270.84
1990,Saskatchewan,Canola (including rapeseed),265.45
1991,Saskatchewan,Canola (including rapeseed),239.45
1992,Saskatchewan,Canola (including rapeseed),241.73
1993,Saskatchewan,Canola (including rapeseed),264.19
1994,Saskatchewan,Canola (including rapeseed),339.28
1995,Saskatchewan,Canola (including rapeseed),364.74
1996,Saskatchewan,Canola (including rapeseed),378.04
1997,Saskatchewan,Canola (including rapeseed),370.03
1998,Saskatchewan,Canola (including rapeseed),378.3
1999,Saskatchewan,Canola (including rapeseed),296.18
2000,Saskatchewan,Canola (including rapeseed),233.61
2001,Saskatchewan,Canola (including rapeseed),280.78
2002,Saskatchewan,Canola (including rapeseed),353.84
2003,Saskatchewan,Canola (including rapeseed),346.51
2004,Saskatchewan,Canola (including rapeseed),342.47
2005,Saskatchewan,Canola (including rapeseed),254.77
2006,Saskatchewan,Canola (including rapeseed),268.44
2007,Saskatchewan,Canola (including rapeseed),369.6
2008,Saskatchewan,Canola (including rapeseed),517.94
2009,Saskatchewan,Canola (including rapeseed),426.72
2010,Saskatchewan,Canola (including rapeseed),417.56
2011,Saskatchewan,Canola (including rapeseed),536.79
2012,Saskatchewan,Canola (including rapeseed),571.97
2013,Saskatchewan,Canola (including rapeseed),580.58
2014,Saskatchewan,Canola (including rapeseed),449.6
2015,Saskatchewan,Canola (including rapeseed),463.27
2016,Saskatchewan,Canola (including rapeseed),475.18
2017,Saskatchewan,Canola (including rapeseed),501.11
2018,Saskatchewan,Canola (including rapeseed),500.83
2019,Saskatchewan,Canola (including rapeseed),452.33
2020,Saskatchewan,Canola (including rapeseed),463.89
2021,Saskatchewan,Canola (including rapeseed),677.52
1985,Saskatchewan,Rye,95.07
1986,Saskatchewan,Rye,73.79
1987,Saskatchewan,Rye,64.8
1988,Saskatchewan,Rye,102.05
1989,Saskatchewan,Rye,92.68
1990,Saskatchewan,Rye,67.4
1991,Saskatchewan,Rye,59.12
1992,Saskatchewan,Rye,73.24
1993,Saskatchewan,Rye,82.3
1994,Saskatchewan,Rye,85.25
1995,Saskatchewan,Rye,98.42
1996,Saskatchewan,Rye,147.2
1997,Saskatchewan,Rye,136.38
1998,Saskatchewan,Rye,95.77
1999,Saskatchewan,Rye,66.41
2000,Saskatchewan,Rye,65.5
2001,Saskatchewan,Rye,91.92
2002,Saskatchewan,Rye,138.86
2003,Saskatchewan,Rye,122.35
2004,Saskatchewan,Rye,112.37
2005,Saskatchewan,Rye,91.68
2006,Saskatchewan,Rye,81.62
2007,Saskatchewan,Rye,137.98
2008,Saskatchewan,Rye,260.32
2009,Saskatchewan,Rye,162.66
2010,Saskatchewan,Rye,147.37
2011,Saskatchewan,Rye,211.19
2012,Saskatchewan,Rye,235.59
2013,Saskatchewan,Rye,241.51
2014,Saskatchewan,Rye,211.66
2015,Saskatchewan,Rye,200
2016,Saskatchewan,Rye,185.99
2017,Saskatchewan,Rye,144.04
2018,Saskatchewan,Rye,186.09
2019,Saskatchewan,Rye,225.68
2020,Saskatchewan,Rye,193.71
2021,Saskatchewan,Rye,224.54
2001,Saskatchewan,Fresh Potatoes,419.8564
2002,Saskatchewan,Fresh Potatoes,417.544
2003,Saskatchewan,Fresh Potatoes,388.340072727273
2004,Saskatchewan,Fresh Potatoes,310.5996
2005,Saskatchewan,Fresh Potatoes,348.944290909091
2006,Saskatchewan,Fresh Potatoes,372.28
2007,Saskatchewan,Fresh Potatoes,344.9904
2008,Saskatchewan,Fresh Potatoes,397.3884
2009,Saskatchewan,Fresh Potatoes,415.4612
2010,Saskatchewan,Fresh Potatoes,432.6484
2011,Saskatchewan,Fresh Potatoes,475.307781818182
2012,Saskatchewan,Fresh Potatoes,443.80368
2013,Saskatchewan,Fresh Potatoes,344.093866666667
2014,Saskatchewan,Fresh Potatoes,354.204218181818
2015,Saskatchewan,Fresh Potatoes,371.111127272727
2016,Saskatchewan,Fresh Potatoes,383.437963636364
2017,Saskatchewan,Fresh Potatoes,394.208290909091
2018,Saskatchewan,Fresh Potatoes,459.814254545455
2019,Saskatchewan,Fresh Potatoes,546.925090909091
2020,Saskatchewan,Fresh Potatoes,515.9112
2012,Alberta,Wheat (Excluding Durum),282.72
2013,Alberta,Wheat (Excluding Durum),271.34
2014,Alberta,Wheat (Excluding Durum),208.11
2015,Alberta,Wheat (Excluding Durum),222.62
2016,Alberta,Wheat (Excluding Durum),229.61
2017,Alberta,Wheat (Excluding Durum),239.88
2018,Alberta,Wheat (Excluding Durum),253.34
2019,Alberta,Wheat (Excluding Durum),244.1
2020,Alberta,Wheat (Excluding Durum),239.72
2021,Alberta,Wheat (Excluding Durum),291.77
1985,Alberta,Oats,105.04
1986,Alberta,Oats,82.78
1987,Alberta,Oats,66.37
1988,Alberta,Oats,111.88
1989,Alberta,Oats,107.38
1990,Alberta,Oats,74.72
1991,Alberta,Oats,69.44
1992,Alberta,Oats,95.24
1993,Alberta,Oats,93.63
1994,Alberta,Oats,84.74
1995,Alberta,Oats,109.83
1996,Alberta,Oats,167.59
1997,Alberta,Oats,115.24
1998,Alberta,Oats,105.75
1999,Alberta,Oats,88.94
2000,Alberta,Oats,86.11
2001,Alberta,Oats,119.49
2002,Alberta,Oats,199.04
2003,Alberta,Oats,195.59
2004,Alberta,Oats,113.27
2005,Alberta,Oats,112.18
2006,Alberta,Oats,116.35
2007,Alberta,Oats,157.26
2008,Alberta,Oats,184.99
2009,Alberta,Oats,167.52
2010,Alberta,Oats,152.52
2011,Alberta,Oats,202.11
2012,Alberta,Oats,195.06
2013,Alberta,Oats,217.39
2014,Alberta,Oats,170.13
2015,Alberta,Oats,193.01
2016,Alberta,Oats,184.3
2017,Alberta,Oats,192.56
2018,Alberta,Oats,197.26
2019,Alberta,Oats,218.24
2020,Alberta,Oats,217.71
2021,Alberta,Oats,254.62
1985,Alberta,Barley,115.83
1986,Alberta,Barley,81.31
1987,Alberta,Barley,60.62
1988,Alberta,Barley,81.87
1989,Alberta,Barley,102.14
1990,Alberta,Barley,90.61
1991,Alberta,Barley,75.64
1992,Alberta,Barley,76.97
1993,Alberta,Barley,76.17
1994,Alberta,Barley,81.18
1995,Alberta,Barley,120.44
1996,Alberta,Barley,142.04
1997,Alberta,Barley,112.5
1998,Alberta,Barley,105.45
1999,Alberta,Barley,88.12
2000,Alberta,Barley,88.94
2001,Alberta,Barley,123.09
2002,Alberta,Barley,154.2
2003,Alberta,Barley,133.32
2004,Alberta,Barley,113.29
2005,Alberta,Barley,91.79
2006,Alberta,Barley,101.81
2007,Alberta,Barley,156.99
2008,Alberta,Barley,199.31
2009,Alberta,Barley,152.77
2010,Alberta,Barley,138.07
2011,Alberta,Barley,174.58
2012,Alberta,Barley,214.24
2013,Alberta,Barley,239.08
2014,Alberta,Barley,173.54
2015,Alberta,Barley,218.8
2016,Alberta,Barley,215.96
2017,Alberta,Barley,193.91
2018,Alberta,Barley,213.36
2019,Alberta,Barley,227
2020,Alberta,Barley,215.26
2021,Alberta,Barley,273.58
1985,Alberta,Flaxseed,302.01
1986,Alberta,Flaxseed,216.05
1987,Alberta,Flaxseed,161.83
1988,Alberta,Flaxseed,284.42
1989,Alberta,Flaxseed,332.27
1990,Alberta,Flaxseed,310.39
1991,Alberta,Flaxseed,166.11
1992,Alberta,Flaxseed,180.28
1993,Alberta,Flaxseed,216.45
1994,Alberta,Flaxseed,240.43
1995,Alberta,Flaxseed,274.94
1996,Alberta,Flaxseed,319.98
1997,Alberta,Flaxseed,309.8
1998,Alberta,Flaxseed,320.17
1999,Alberta,Flaxseed,248.88
2000,Alberta,Flaxseed,202.98
2001,Alberta,Flaxseed,268.46
2002,Alberta,Flaxseed,341.99
2003,Alberta,Flaxseed,346.12
2004,Alberta,Flaxseed,370.07
2005,Alberta,Flaxseed,388.06
2006,Alberta,Flaxseed,224.83
2007,Alberta,Flaxseed,324.9
2008,Alberta,Flaxseed,602.45
2009,Alberta,Flaxseed,415.31
2010,Alberta,Flaxseed,418.65
2011,Alberta,Flaxseed,554.73
2012,Alberta,Flaxseed,546.37
2013,Alberta,Flaxseed,561.8
2014,Alberta,Flaxseed,514.71
2015,Alberta,Flaxseed,510.07
2016,Alberta,Flaxseed,452.12
2017,Alberta,Flaxseed,479.37
2018,Alberta,Flaxseed,485.77
2019,Alberta,Flaxseed,511.46
2020,Alberta,Flaxseed,571.86
2021,Alberta,Flaxseed,755.74
1985,Alberta,Canola (including rapeseed),325.44
1986,Alberta,Canola (including rapeseed),226.47
1987,Alberta,Canola (including rapeseed),207.44
1988,Alberta,Canola (including rapeseed),301.06
1989,Alberta,Canola (including rapeseed),273.32
1990,Alberta,Canola (including rapeseed),269.81
1991,Alberta,Canola (including rapeseed),248.41
1992,Alberta,Canola (including rapeseed),245.53
1993,Alberta,Canola (including rapeseed),274.77
1994,Alberta,Canola (including rapeseed),338.8
1995,Alberta,Canola (including rapeseed),368.48
1996,Alberta,Canola (including rapeseed),379.5
1997,Alberta,Canola (including rapeseed),374.63
1998,Alberta,Canola (including rapeseed),373.02
1999,Alberta,Canola (including rapeseed),290.59
2000,Alberta,Canola (including rapeseed),233.69
2001,Alberta,Canola (including rapeseed),282.41
2002,Alberta,Canola (including rapeseed),351.91
2003,Alberta,Canola (including rapeseed),349.54
2004,Alberta,Canola (including rapeseed),358.04
2005,Alberta,Canola (including rapeseed),269.44
2006,Alberta,Canola (including rapeseed),271.84
2007,Alberta,Canola (including rapeseed),372.56
2008,Alberta,Canola (including rapeseed),492.8
2009,Alberta,Canola (including rapeseed),437.93
2010,Alberta,Canola (including rapeseed),416.96
2011,Alberta,Canola (including rapeseed),530.2
2012,Alberta,Canola (including rapeseed),563.84
2013,Alberta,Canola (including rapeseed),574.62
2014,Alberta,Canola (including rapeseed),441.92
2015,Alberta,Canola (including rapeseed),458.45
2016,Alberta,Canola (including rapeseed),472.28
2017,Alberta,Canola (including rapeseed),497.67
2018,Alberta,Canola (including rapeseed),496.42
2019,Alberta,Canola (including rapeseed),443.47
2020,Alberta,Canola (including rapeseed),461.04
2021,Alberta,Canola (including rapeseed),665.89
1985,Alberta,Rye,92.22
1986,Alberta,Rye,75.03
1987,Alberta,Rye,64.62
1988,Alberta,Rye,99.86
1989,Alberta,Rye,91.64
1990,Alberta,Rye,74.16
1991,Alberta,Rye,68.17
1992,Alberta,Rye,79.56
1993,Alberta,Rye,86.34
1994,Alberta,Rye,89.31
1995,Alberta,Rye,104.01
1996,Alberta,Rye,153.32
1997,Alberta,Rye,149.95
1998,Alberta,Rye,122.43
1999,Alberta,Rye,80.44
2000,Alberta,Rye,75.05
2001,Alberta,Rye,99.26
2002,Alberta,Rye,161.3
2003,Alberta,Rye,149.12
2004,Alberta,Rye,125.89
2005,Alberta,Rye,96.64
2006,Alberta,Rye,90.31
2007,Alberta,Rye,144.14
2008,Alberta,Rye,251.94
2009,Alberta,Rye,163.85
2010,Alberta,Rye,147.53
2011,Alberta,Rye,213.48
2012,Alberta,Rye,239.54
2013,Alberta,Rye,246.32
2014,Alberta,Rye,220
2015,Alberta,Rye,220
2016,Alberta,Rye,220
2017,Alberta,Rye,168.83
2018,Alberta,Rye,205.84
2019,Alberta,Rye,234.85
2020,Alberta,Rye,210.49
2021,Alberta,Rye,235.6
2001,Alberta,Fresh Potatoes,163.7704
2002,Alberta,Fresh Potatoes,177.5136
2003,Alberta,Fresh Potatoes,190.6828
2004,Alberta,Fresh Potatoes,169.904
2005,Alberta,Fresh Potatoes,174.7584
2006,Alberta,Fresh Potatoes,171.2652
2007,Alberta,Fresh Potatoes,165.6564
2008,Alberta,Fresh Potatoes,190.6172
2009,Alberta,Fresh Potatoes,216.5948
2010,Alberta,Fresh Potatoes,201.146
2011,Alberta,Fresh Potatoes,205.2624
2012,Alberta,Fresh Potatoes,220.1044000656
2013,Alberta,Fresh Potatoes,202.9336000656
2014,Alberta,Fresh Potatoes,220.5799999344
2015,Alberta,Fresh Potatoes,248.5255999344
2016,Alberta,Fresh Potatoes,241.4899999344
2017,Alberta,Fresh Potatoes,244.9339999344
2018,Alberta,Fresh Potatoes,249.5095999344
2019,Alberta,Fresh Potatoes,267.2215999344
2020,Alberta,Fresh Potatoes,276.1666285152
2012,British Columbia,Wheat (Excluding Durum),282.72
2013,British Columbia,Wheat (Excluding Durum),271.34
2014,British Columbia,Wheat (Excluding Durum),208.11
2015,British Columbia,Wheat (Excluding Durum),222.62
2016,British Columbia,Wheat (Excluding Durum),229.61
2017,British Columbia,Wheat (Excluding Durum),239.88
2018,British Columbia,Wheat (Excluding Durum),253.34
2019,British Columbia,Wheat (Excluding Durum),244.1
2020,British Columbia,Wheat (Excluding Durum),239.72
2021,British Columbia,Wheat (Excluding Durum),291.77
1985,British Columbia,Oats,118.41
1986,British Columbia,Oats,98.41
1987,British Columbia,Oats,75.69
1988,British Columbia,Oats,104.1
1989,British Columbia,Oats,115.1
1990,British Columbia,Oats,82.74
1991,British Columbia,Oats,73.01
1992,British Columbia,Oats,87.11
1993,British Columbia,Oats,94.82
1994,British Columbia,Oats,73.34
1995,British Columbia,Oats,98.26
1996,British Columbia,Oats,158.97
1997,British Columbia,Oats,115.24
1998,British Columbia,Oats,105.75
1999,British Columbia,Oats,88.94
2000,British Columbia,Oats,86.11
2001,British Columbia,Oats,119.49
2002,British Columbia,Oats,199.04
2003,British Columbia,Oats,195.59
2004,British Columbia,Oats,113.27
2005,British Columbia,Oats,112.18
2006,British Columbia,Oats,116.35
2007,British Columbia,Oats,157.26
2008,British Columbia,Oats,184.99
2009,British Columbia,Oats,167.52
2010,British Columbia,Oats,152.52
2011,British Columbia,Oats,202.11
2012,British Columbia,Oats,195.06
2013,British Columbia,Oats,217.39
2014,British Columbia,Oats,170.13
2015,British Columbia,Oats,193.01
2016,British Columbia,Oats,184.3
2017,British Columbia,Oats,192.56
2018,British Columbia,Oats,197.26
2019,British Columbia,Oats,218.24
2020,British Columbia,Oats,217.71
2021,British Columbia,Oats,254.62
1985,British Columbia,Barley,127.51
1986,British Columbia,Barley,95.13
1987,British Columbia,Barley,83.06
1988,British Columbia,Barley,94.33
1989,British Columbia,Barley,109.32
1990,British Columbia,Barley,95.56
1991,British Columbia,Barley,78.29
1992,British Columbia,Barley,78.51
1993,British Columbia,Barley,81.03
1994,British Columbia,Barley,76.39
1995,British Columbia,Barley,100.78
1996,British Columbia,Barley,129.98
1997,British Columbia,Barley,112.5
1998,British Columbia,Barley,105.45
1999,British Columbia,Barley,88.12
2000,British Columbia,Barley,88.94
2001,British Columbia,Barley,123.09
2002,British Columbia,Barley,154.2
2003,British Columbia,Barley,133.32
2004,British Columbia,Barley,113.29
2005,British Columbia,Barley,91.79
2006,British Columbia,Barley,101.81
2007,British Columbia,Barley,156.99
2008,British Columbia,Barley,199.31
2009,British Columbia,Barley,152.77
2010,British Columbia,Barley,138.07
2011,British Columbia,Barley,174.58
2012,British Columbia,Barley,214.24
2013,British Columbia,Barley,239.08
2014,British Columbia,Barley,173.54
2015,British Columbia,Barley,218.8
2016,British Columbia,Barley,215.96
2017,British Columbia,Barley,193.91
2018,British Columbia,Barley,213.36
2019,British Columbia,Barley,227
2020,British Columbia,Barley,215.26
2021,British Columbia,Barley,273.58
1985,British Columbia,Canola (including rapeseed),329.42
1986,British Columbia,Canola (including rapeseed),229.79
1987,British Columbia,Canola (including rapeseed),208.48
1988,British Columbia,Canola (including rapeseed),306.32
1989,British Columbia,Canola (including rapeseed),271.41
1990,British Columbia,Canola (including rapeseed),262.39
1991,British Columbia,Canola (including rapeseed),240.18
1992,British Columbia,Canola (including rapeseed),243.38
1993,British Columbia,Canola (including rapeseed),263
1994,British Columbia,Canola (including rapeseed),368.18
1995,British Columbia,Canola (including rapeseed),365.29
1996,British Columbia,Canola (including rapeseed),380.75
1997,British Columbia,Canola (including rapeseed),374.63
1998,British Columbia,Canola (including rapeseed),373.02
1999,British Columbia,Canola (including rapeseed),290.59
2000,British Columbia,Canola (including rapeseed),233.69
2001,British Columbia,Canola (including rapeseed),282.41
2002,British Columbia,Canola (including rapeseed),351.91
2003,British Columbia,Canola (including rapeseed),349.54
2004,British Columbia,Canola (including rapeseed),358.04
2005,British Columbia,Canola (including rapeseed),269.44
2006,British Columbia,Canola (including rapeseed),271.84
2007,British Columbia,Canola (including rapeseed),372.56
2008,British Columbia,Canola (including rapeseed),492.8
2009,British Columbia,Canola (including rapeseed),437.93
2010,British Columbia,Canola (including rapeseed),416.96
2011,British Columbia,Canola (including rapeseed),530.2
2012,British Columbia,Canola (including rapeseed),563.84
2013,British Columbia,Canola (including rapeseed),574.62
2014,British Columbia,Canola (including rapeseed),441.92
2015,British Columbia,Canola (including rapeseed),458.45
2016,British Columbia,Canola (including rapeseed),472.28
2017,British Columbia,Canola (including rapeseed),497.67
2018,British Columbia,Canola (including rapeseed),496.42
2019,British Columbia,Canola (including rapeseed),443.47
2020,British Columbia,Canola (including rapeseed),461.04
2021,British Columbia,Canola (including rapeseed),665.89
1985,British Columbia,Rye,93.14
1986,British Columbia,Rye,75.9
1987,British Columbia,Rye,68.16
1988,British Columbia,Rye,101.74
1989,British Columbia,Rye,90.38
1990,British Columbia,Rye,67.98
1991,British Columbia,Rye,63.73
1992,British Columbia,Rye,80.34
1993,British Columbia,Rye,71.48
1994,British Columbia,Rye,71.9
1995,British Columbia,Rye,82.54
1996,British Columbia,Rye,148.86
1997,British Columbia,Rye,149.95
1998,British Columbia,Rye,122.43
1999,British Columbia,Rye,80.44
2000,British Columbia,Rye,75.05
2001,British Columbia,Rye,99.26
2002,British Columbia,Rye,161.3
2003,British Columbia,Rye,149.12
2004,British Columbia,Rye,125.89
2005,British Columbia,Rye,96.64
2006,British Columbia,Rye,90.31
2007,British Columbia,Rye,144.14
2008,British Columbia,Rye,251.94
2009,British Columbia,Rye,163.85
2010,British Columbia,Rye,147.53
2011,British Columbia,Rye,213.48
2012,British Columbia,Rye,239.54
2013,British Columbia,Rye,246.32
2014,British Columbia,Rye,230
2015,British Columbia,Rye,220
2016,British Columbia,Rye,200
2017,British Columbia,Rye,168.83
2018,British Columbia,Rye,205.84
2019,British Columbia,Rye,234.85
2020,British Columbia,Rye,210.49
2021,British Columbia,Rye,235.6
2001,British Columbia,Fresh Potatoes,421.644
2002,British Columbia,Fresh Potatoes,500.6592
2003,British Columbia,Fresh Potatoes,451.602327272727
2004,British Columbia,Fresh Potatoes,421.7096
2005,British Columbia,Fresh Potatoes,397.26048
2006,British Columbia,Fresh Potatoes,366.2612
2007,British Columbia,Fresh Potatoes,366.334254545455
2008,British Columbia,Fresh Potatoes,399.094
2009,British Columbia,Fresh Potatoes,423.3824
2010,British Columbia,Fresh Potatoes,442.34736
2011,British Columbia,Fresh Potatoes,506.781866666667
2012,British Columbia,Fresh Potatoes,447.558981818182
2013,British Columbia,Fresh Potatoes,438.613527272727
2014,British Columbia,Fresh Potatoes,438.1483635648
2015,British Columbia,Fresh Potatoes,503.6827635648
2016,British Columbia,Fresh Potatoes,500.5876364352
2017,British Columbia,Fresh Potatoes,521.358981818182
2018,British Columbia,Fresh Potatoes,531.664145454545
2019,British Columbia,Fresh Potatoes,592.672145454546
2020,British Columbia,Fresh Potatoes,623.7904
1985,All,Tame Hay,63
1986,All,Tame Hay,61
1987,All,Tame Hay,48
1988,All,Tame Hay,68
1989,All,Tame Hay,56
1990,All,Tame Hay,46
1991,All,Tame Hay,36
1992,All,Tame Hay,35
1993,All,Tame Hay,65
1994,All,Tame Hay,50
1995,All,Tame Hay,55
1996,All,Tame Hay,55
1997,All,Tame Hay,65
1998,All,Tame Hay,55
1999,All,Tame Hay,55
2000,All,Tame Hay,55
2001,All,Tame Hay,60
2002,All,Tame Hay,75
2003,All,Tame Hay,70
2004,All,Tame Hay,70
2005,All,Tame Hay,72
2006,All,Tame Hay,77
2007,All,Tame Hay,66
2008,All,Tame Hay,77
2009,All,Tame Hay,75
2010,All,Tame Hay,79
2011,All,Tame Hay,80
